valor;quantidade;loja;pagamento
1012,57;3;Norte;pix
986,79;16;Norte;cartão
1064,04;16;Centro;pix
1010,49;11;Sul;pix
946,43;5;Sul;cartão
1036,16;16;Norte;cartão
1130,4;10;Norte;cartão
25000,0;19;Centro;pix
929,63;6;Norte;pix
873,46;7;Sul;pix
937,67;16;Sul;cartão
1004,13;4;Sul;pix
767,5;7;Centro;cartão
978,12;8;Centro;pix
875,41;14;Sul;cartão
926,77;15;Centro;pix
945,57;15;Centro;pix
968,37;9;Norte;pix
1041,16;12;Centro;cartão
1104,25;12;Sul;cartão
987,15;15;Centro;cartão
1136,65;3;Norte;pix
933,48;7;Norte;cartão
1035,15;14;Centro;cartão
1090,35;4;Norte;cartão
1009,4;6;Centro;pix
925,65;19;Sul;cartão
907,83;4;Norte;pix
954,23;19;Centro;pix
1022,02;17;Sul;cartão
899,04;3;Sul;pix
979,08;11;Centro;cartão
984,08;7;Norte;cartão
1054,08;10;Centro;pix
1021,47;12;Norte;pix
1035,54;18;Norte;pix
934,62;18;Centro;pix
987,04;2;Centro;cartão
1078,4;4;Norte;pix
1149,34;14;Centro;cartão
874,09;4;Sul;cartão
1151,39;7;Sul;pix
1134,59;12;Lojaa Centro;pix
1078,13;4;Sul;cartão
1026,45;19;Sul;pix
968,61;13;Norte;pix
1145,8;5;Norte;cartão
1196,03;7;Centro;cartão
1180,16;13;Centro;cartão
1131,51;7;Centro;cartão
1035,74;12;Sul;pix
879,17;18;Norte;pix
999,55;7;Sul;cartão
1065,65;4;Norte;cartão
871,16;6;Norte;pix
1039,51;10;Norte;pix
1042,99;11;Sul;cartão
1069,6;1;Norte;pix
881,59;13;Norte;cartão
933,83;4;Norte;pix
956,36;12;Sul;pix
883,02;17;Sul;cartão
1173,94;4;Norte;pix
950,41;15;Norte;cartão
1032,9;1;Centro;cartão
974,14;11;Norte;pix
1158,35;13;Centro;pix
1132,04;5;Norte;pix
1063,34;15;Centro;pix
779,65;11;Norte;cartão
1005,2;8;Norte;cartão
1068,37;1;Norte;pix
1100,4;3;Norte;cartão
938,21;14;Centro;pix
1182,2;8;Centro;pix
867,96;14;Norte;cartão
933,85;19;Sul;cartão
1093,5;13;Norte;pix
1004,91;15;Norte;pix
1200,24;12;Norte;cartão
1018,85;6;Sul;cartão
936,68;2;Norte;cartão
962,24;12;Norte;pix
890,89;5;Norte;cartão
872,23;3;Norte;pix
1063,04;11;Sul;pix
1058,12;12;Centro;cartão
1129,46;8;Norte;pix
924,54;12;Centro;cartão
1168,91;19;Sul;pix
971,26;15;Norte;cartão
1157,44;18;Centro;pix
956,72;2;Centro;cartão
926,45;3;Sul;pix
1024,98;7;Norte;cartão
1103,15;12;Sul;cartão
1016,1;14;Centro;cartão
941,45;14;Centro;pix
865,88;18;Norte;pix
859,85;3;Centro;cartão
1050,27;4;Norte;cartão
1098,97;6;Norte;cartão
983,57;4;Centro;cartão
892,56;14;Centro;pix
1087,3;8;Sul;pix
871,96;18;Sul;pix
928,69;6;Norte;pix
1062,1;7;Sul;pix
774,99;6;Norte;cartão
1038,64;5;Sul;pix
941,84;16;Centro;pix
1010,93;16;Norte;cartão
992,43;6;Centro;cartão
1020,21;12;Norte;pix
1069,42;17;Sul;pix
924,16;10;Sul;cartão
1142,1;18;Centro;pix
1072,61;5;Norte;pix
1084,37;5;Centro;cartão
1116,49;2;Centro;pix
1078,76;12;Norte;pix
1084,41;1;Sul;pix
1007,56;4;Sul;pix
857,32;12;Norte;pix
986,5;9;Centro;pix
923,05;4;Sul;pix
857,73;10;Norte;cartão
1025,85;19;Norte;pix
943,15;19;Norte;cartão
897,02;3;Centro;pix
895,7;15;Sul;pix
1026,84;9;Centro;cartão
1035,87;9;Norte;pix
1132,25;8;Norte;pix
998,61;16;Centro;cartão
1104,18;5;Centro;cartão
1140,23;12;Norte;cartão
1115,02;15;Centro;pix
763,47;8;Norte;cartão
1122,87;13;Norte;pix
1033,96;3;Centro;pix
1042,38;14;Sul;pix
1037,12;6;Centro;pix
1038,28;2;Norte;cartão
1031,94;6;Centro;cartão
964,11;7;Centro;pix
809,84;13;Norte;pix
989,11;10;Sul;cartão
919,63;16;Norte;cartão
1108,02;9;Norte;cartão
971,12;17;Centro;cartão
1008,35;1;Sul;pix
915,04;7;Sul;cartão
948,94;4;Sul;pix
998,85;8;Centro;pix
851,46;18;Sul;cartão
1030,07;3;Norte;pix
989,39;4;Centro;pix
881,43;8;Sul;cartão
760,18;17;Centro;pix
1051,31;1;Norte;cartão
970,24;16;Centro;pix
947,0;15;Centro;pix
976,38;8;Norte;cartão
1181,65;1;Norte;pix
995,02;9;Norte;cartão
1008,66;14;Centro;cartão
851,29;16;Centro;cartão
1164,73;4;Centro;pix
1091,75;13;Sul;cartão
1106,69;11;Centro;cartão
1004,77;16;Sul;pix
1091,67;14;Centro;cartão
1037,09;15;Centro;pix
1061,32;17;Norte;pix
984,78;14;Norte;pix
852,61;8;Norte;pix
1102,89;18;Norte;cartão
806,5;11;Norte;cartão
976,01;16;Sul;cartão
979,55;2;Sul;pix
895,71;4;Centro;pix
1061,31;11;Centro;pix
979,97;15;Centro;cartão
956,31;19;Centro;pix
1051,98;2;Sul;pix
952,34;17;Sul;pix
1138,9;9;Norte;cartão
1035,15;19;Sul;pix
952,57;8;Sul;pix
805,57;18;Sul;cartão
869,22;4;Norte;cartão
1108,68;7;Norte;pix
994,94;18;Norte;pix
971,69;19;Centro;cartão
1164,33;2;Centro;cartão
871,74;3;Sul;cartão
941,43;1;Centro;pix
952,74;18;Centro;pix
1058,63;7;Norte;pix
933,65;11;Norte;pix
938,66;19;Centro;pix
839,49;16;Centro;cartão
1072,93;6;Sul;cartão
1080,61;8;Centro;pix
952,36;16;Centro;pix
1016,33;10;Norte;cartão
870,74;4;Sul;cartão
952,82;18;Norte;cartão
1137,8;12;Norte;cartão
1013,57;15;Sul;cartão
1231,04;19;Norte;cartão
921,28;12;Norte;pix
1058,03;14;Sul;pix
980,45;17;Sul;cartão
1056,58;19;Centro;cartão
999,28;11;Sul;cartão
943,88;11;Centro;cartão
913,24;13;Sul;pix
1306,6;19;Centro;cartão
992,27;9;Sul;cartão
798,33;16;Centro;cartão
935,14;6;Sul;pix
1067,8;15;Norte;cartão
950,0;3;Norte;pix
1136,04;17;Centro;cartão
1100,24;7;Centro;cartão
984,77;12;Sul;cartão
952,78;3;Centro;cartão
899,52;7;Centro;pix
930,0;2;Norte;pix
852,69;11;Norte;pix
1120,44;19;Norte;cartão
1159,07;5;Norte;cartão
874,39;6;Centro;cartão
881,83;15;Centro;pix
823,15;4;Centro;cartão
903,61;4;Norte;pix
689,37;5;Norte;cartão
885,77;11;Centro;pix
1129,69;10;Sul;cartão
965,43;11;Centro;cartão
1085,46;1;Norte;cartão
951,1;13;Sul;cartão
1176,07;6;Sul;cartão
1019,92;15;Norte;pix
961,8;16;Norte;cartão
1255,24;3;Norte;cartão
967,55;6;Norte;cartão
877,88;12;Norte;pix
1020,19;4;Norte;pix
996,12;8;Norte;cartão
1106,63;7;Sul;pix
907,84;12;Norte;pix
1080,47;15;Centro;cartão
1085,27;14;Centro;cartão
933,23;7;Norte;pix
1016,32;12;Norte;cartão
916,92;16;Sul;pix
1234,58;14;Sul;cartão
929,59;15;Centro;cartão
954,69;10;Sul;pix
893,42;12;Norte;pix
965,39;9;Norte;cartão
999,41;12;Sul;cartão
1076,78;6;Centro;pix
938,95;9;Norte;cartão
981,42;5;Centro;pix
858,35;10;Sul;pix
917,26;14;Centro;cartão
1275,58;15;Sul;cartão
1104,12;14;Sul;pix
921,86;4;Sul;pix
866,26;4;Norte;cartão
902,44;8;Norte;cartão
997,83;19;Sul;cartão
1003,47;1;Centro;cartão
925,56;13;Norte;pix
871,34;6;Centro;pix
1142,24;11;Sul;pix
1045,17;2;Sul;cartão
962,54;16;Norte;cartão
977,93;17;Norte;cartão
947,05;10;Sul;cartão
706,4;15;Centro;pix
1011,57;10;Centro;pix
892,95;14;Centro;pix
899,73;5;Sul;cartão
935,97;7;Norte;cartão
1073,23;3;Centro;pix
882,95;9;Norte;cartão
856,57;14;Centro;pix
1063,99;15;Norte;pix
1075,44;17;Sul;cartão
904,11;4;Sul;pix
1056,24;13;Sul;cartão
970,84;6;Centro;cartão
1030,13;8;Norte;cartão
873,9;8;Sul;cartão
1083,29;11;Sul;pix
