modelo,nome,tipo,dataset,f1,precisao,recall,especificidade,auc_roc,taxa_real,taxa_prevista,lift_f1,tempo_s
aleatorio,Aleatório (linha de base),—,breast_cancer,0.10075566750629723,0.10075566750629723,0.10075566750629723,0.8992443324937028,0.5,0.10075566750629723,0.10075566750629723,1.0,0.0
aleatorio,Aleatório (linha de base),—,digits,0.09905397885364496,0.09905397885364496,0.09905397885364496,0.9009460211463549,0.5,0.09905397885364496,0.09905397885364496,1.0,0.0
aleatorio,Aleatório (linha de base),—,synthetic_2,0.02,0.02,0.02,0.9800000000000001,0.5,0.02,0.02,1.0,0.0
aleatorio,Aleatório (linha de base),—,synthetic_5,0.05,0.05,0.05,0.95,0.5,0.05,0.05,1.0,0.0
aleatorio,Aleatório (linha de base),—,wine,0.09722222222222222,0.09722222222222222,0.09722222222222222,0.9027777777777779,0.5,0.09722222222222222,0.09722222222222222,1.0,0.0
binomial,Teste Binomial,categorical,breast_cancer,0.29773466332607246,0.17571939597103406,0.975,0.48683473389355736,0.8799789915966386,0.10075566750629723,0.559697732997481,2.9550165335112695,0.03311855680003646
binomial,Teste Binomial,categorical,digits,0.18025316455696203,0.09905397885364496,1.0,0.0,0.28832647424197205,0.09905397885364496,1.0,1.8197468354430382,0.10395635379986742
binomial,Teste Binomial,categorical,synthetic_2,0.34967171290176613,0.27272897251285644,0.5,0.9714285714285715,0.7553941326530612,0.02,0.038,17.483585645088304,0.00888408660002824
binomial,Teste Binomial,categorical,synthetic_5,0.3800647821536928,0.3055877041655317,0.52,0.9335789473684211,0.7516673684210526,0.05,0.0891,7.601295643073857,0.010944067599939444
binomial,Teste Binomial,categorical,wine,0.24162427155033459,0.1460792672469405,0.7,0.563076923076923,0.7201098901098901,0.09722222222222222,0.4625,2.485278221660584,0.013785465399951135
chi_square,Qui-Quadrado,categorical,breast_cancer,0.02750264675258769,0.025560957602931512,0.030000000000000006,0.8767507002801119,0.35525910364145663,0.10075566750629723,0.11385390428211588,0.27296376901943287,1.7918189745998916
chi_square,Qui-Quadrado,categorical,digits,0.08938547486033518,0.08888888888888889,0.0898876404494382,0.8987029030265596,0.41713222893865687,0.09905397885364496,0.1001669449081803,0.902391563618103,1.9086297636000835
chi_square,Qui-Quadrado,categorical,synthetic_2,0.08468864978552945,0.07891434423231658,0.095,0.9803061224489795,0.6106747448979591,0.02,0.0212,4.2344324892764735,0.09611782079991826
chi_square,Qui-Quadrado,categorical,synthetic_5,0.166957476957924,0.1583063404064196,0.178,0.9494736842105264,0.6415084210526316,0.05,0.05689999999999999,3.3391495391584796,0.0996142940000027
chi_square,Qui-Quadrado,categorical,wine,0.02580645161290323,0.023529411764705882,0.02857142857142857,0.8876923076923078,0.3071428571428571,0.09722222222222222,0.10416666666666667,0.2654377880184332,0.4546061259999533
cooccurrence,Co-ocorrência de Pares,categorical,breast_cancer,0.655,0.655,0.655,0.961344537815126,0.9464425770308124,0.10075566750629723,0.10075566750629723,6.500874999999999,0.3217464336000376
cooccurrence,Co-ocorrência de Pares,categorical,digits,0.033707865168539325,0.033707865168539325,0.033707865168539325,0.8937615812229771,0.5413384597233692,0.09905397885364496,0.09905397885364496,0.3402979421790178,0.4063250442000026
cooccurrence,Co-ocorrência de Pares,categorical,synthetic_2,0.5424390243902438,0.5399999999999999,0.5449999999999999,0.9905102040816326,0.8060727040816327,0.02,0.020200000000000003,27.12195121951219,0.02247791219992905
cooccurrence,Co-ocorrência de Pares,categorical,synthetic_5,0.5663152709359606,0.5646796116504854,0.568,0.9769473684210526,0.8166484210526315,0.05,0.0503,11.32630541871921,0.024912277800012816
cooccurrence,Co-ocorrência de Pares,categorical,wine,0.48571428571428565,0.48571428571428565,0.48571428571428565,0.9446153846153846,0.9264835164835166,0.09722222222222222,0.09722222222222222,4.995918367346938,0.08011647299999822
entropy,Entropia por Linha,categorical,breast_cancer,0.65,0.65,0.65,0.9607843137254901,0.9416806722689076,0.10075566750629723,0.10075566750629723,6.45125,0.03345998219992907
entropy,Entropia por Linha,categorical,digits,0.0056179775280898875,0.0056179775280898875,0.0056179775280898875,0.8906732550957381,0.5833327549951073,0.09905397885364496,0.09905397885364496,0.056716323696502965,0.09005047140008174
entropy,Entropia por Linha,categorical,synthetic_2,0.485,0.485,0.485,0.9894897959183673,0.7448086734693877,0.02,0.02,24.25,0.009880977199964036
entropy,Entropia por Linha,categorical,synthetic_5,0.4966464327259362,0.4916024935826916,0.502,0.9726315789473684,0.7521989473684212,0.05,0.0511,9.932928654518722,0.012171145199954481
entropy,Entropia por Linha,categorical,wine,0.5428571428571429,0.5428571428571429,0.5428571428571429,0.9507692307692308,0.9332967032967033,0.09722222222222222,0.09722222222222222,5.5836734693877546,0.015431527199962148
frequency,Frequência Relativa,categorical,breast_cancer,0.4358362063498939,0.40658571070061755,0.47000000000000003,0.9226890756302522,0.8814915966386556,0.10075566750629723,0.11687657430730478,4.325674348022697,0.021292420600002516
frequency,Frequência Relativa,categorical,digits,0.03684210526315789,0.034653465346534656,0.03932584269662921,0.8795552810376777,0.28832647424197205,0.09905397885364496,0.112409571508069,0.37193968066232996,0.054867874400042635
frequency,Frequência Relativa,categorical,synthetic_2,0.4513343336840089,0.41381706031582716,0.5,0.985204081632653,0.7515306122448979,0.02,0.0245,22.566716684200443,0.007209859799968399
frequency,Frequência Relativa,categorical,synthetic_5,0.4792470558805454,0.457379180064735,0.504,0.968421052631579,0.7503278947368421,0.05,0.055200000000000006,9.584941117610908,0.00813447499999711
frequency,Frequência Relativa,categorical,wine,0.21116825327351646,0.16753623188405797,0.2857142857142857,0.8476923076923077,0.7201098901098901,0.09722222222222222,0.16527777777777777,2.1720163193847406,0.009599992000039493
iqr,IQR (Tukey),numeric,breast_cancer,0.5113834926508376,0.35643175777546354,0.905,0.8168067226890756,0.9237955182072829,0.10075566750629723,0.25591939546599496,5.075481164559564,0.0030415661999541044
iqr,IQR (Tukey),numeric,digits,0.08130081300813008,0.04843918191603875,0.25280898876404495,0.45398394070413833,0.3023592729594492,0.09905397885364496,0.5169727323316639,0.8207728144697178,0.022026607199950376
iqr,IQR (Tukey),numeric,synthetic_2,0.4674690480347893,0.4408554236461213,0.5,0.9868367346938776,0.7440382653061224,0.02,0.022899999999999997,23.373452401739463,0.0019388116000300215
iqr,IQR (Tukey),numeric,synthetic_5,0.4954713796338597,0.4918760636562113,0.5,0.9726315789473684,0.7448915789473685,0.05,0.051000000000000004,9.909427592677194,0.003078552600027251
iqr,IQR (Tukey),numeric,wine,0.359573268921095,0.25240802234872445,0.6285714285714286,0.8015384615384615,0.8418681318681319,0.09722222222222222,0.24027777777777776,3.6984679089026917,0.0012472442000216687
isolation_forest,Isolation Forest,numeric,breast_cancer,0.61,0.61,0.61,0.9563025210084033,0.9233333333333332,0.10075566750629723,0.10075566750629723,6.05425,0.21310585659994102
isolation_forest,Isolation Forest,numeric,digits,0.03033707865168539,0.03033707865168539,0.03033707865168539,0.8933909820877084,0.40443539152341235,0.09905397885364496,0.09905397885364496,0.306268147961116,0.2986743596000451
isolation_forest,Isolation Forest,numeric,synthetic_2,0.515,0.515,0.515,0.9901020408163266,0.8215739795918366,0.02,0.02,25.75,0.27287560759996266
isolation_forest,Isolation Forest,numeric,synthetic_5,0.54,0.54,0.54,0.9757894736842105,0.8188757894736842,0.05,0.05,10.8,0.2653328287999102
isolation_forest,Isolation Forest,numeric,wine,0.5142857142857142,0.5142857142857142,0.5142857142857142,0.9476923076923077,0.9119780219780219,0.09722222222222222,0.09722222222222222,5.289795918367346,0.1984343699999954
knn,KNN Distance,numeric,breast_cancer,0.485,0.485,0.485,0.942296918767507,0.9035434173669469,0.10075566750629723,0.10075566750629723,4.813625,0.006450141600043935
knn,KNN Distance,numeric,digits,0.0056179775280898875,0.0056179775280898875,0.0056179775280898875,0.8906732550957381,0.14396804796968582,0.09905397885364496,0.09905397885364496,0.056716323696502965,0.05745033440002771
knn,KNN Distance,numeric,synthetic_2,0.665,0.665,0.665,0.9931632653061225,0.9124821428571428,0.02,0.02,33.25,0.038713101799930885
knn,KNN Distance,numeric,synthetic_5,0.71,0.71,0.71,0.9847368421052632,0.904701052631579,0.05,0.05,14.2,0.04062746300010076
knn,KNN Distance,numeric,wine,0.21428571428571427,0.21428571428571427,0.21428571428571427,0.9153846153846154,0.8467032967032967,0.09722222222222222,0.09722222222222222,2.204081632653061,0.0018811198000094008
lof,LOF,numeric,breast_cancer,0.19000000000000003,0.19,0.19,0.9092436974789916,0.7581792717086835,0.10075566750629723,0.10075566750629723,1.8857500000000003,0.003959254000073997
lof,LOF,numeric,digits,0.05617977528089888,0.05617977528089888,0.05617977528089888,0.8962322421247684,0.4934867548979465,0.09905397885364496,0.09905397885364496,0.5671632369650297,0.05099594260000231
lof,LOF,numeric,synthetic_2,0.74,0.74,0.74,0.9946938775510205,0.9511505102040816,0.02,0.02,37.0,0.02764040480001313
lof,LOF,numeric,synthetic_5,0.784,0.784,0.784,0.9886315789473684,0.9401884210526316,0.05,0.05,15.679999999999998,0.029494659599913577
lof,LOF,numeric,wine,0.08571428571428572,0.08571428571428572,0.08571428571428572,0.9015384615384615,0.7964835164835165,0.09722222222222222,0.09722222222222222,0.8816326530612244,0.0020933448000050705
lof_categorical,LOF Categórico,categorical,breast_cancer,0.395,0.395,0.395,0.9322128851540616,0.8832913165266106,0.10075566750629723,0.10075566750629723,3.920374999999999,0.04229870740005026
lof_categorical,LOF Categórico,categorical,digits,0.011235955056179775,0.011235955056179775,0.011235955056179775,0.8912909203211858,0.27963231568939073,0.09905397885364496,0.09905397885364496,0.11343264739300593,0.2007053740000174
lof_categorical,LOF Categórico,categorical,synthetic_2,0.02073873873873874,0.021596638655462186,0.02,0.9811224489795919,0.7981326530612245,0.02,0.0189,1.036936936936937,0.04010171360005188
lof_categorical,LOF Categórico,categorical,synthetic_5,0.02439874411302983,0.02481578947368421,0.024,0.9505263157894737,0.6830936842105263,0.05,0.0482,0.4879748822605965,0.041377273399893964
lof_categorical,LOF Categórico,categorical,wine,0.5571428571428572,0.5571428571428572,0.5571428571428572,0.9523076923076923,0.9437362637362637,0.09722222222222222,0.09722222222222222,5.730612244897959,0.016538328599972375
mad,Modified Z-Score (MAD),numeric,breast_cancer,0.5269631779833999,0.38830713940708167,0.82,0.8554621848739495,0.9175350140056022,0.10075566750629723,0.21259445843828714,5.230109541485243,0.0025600429999485643
mad,Modified Z-Score (MAD),numeric,digits,0.18786692759295498,0.10627306273062731,0.8089887640449438,0.2520074119827054,0.4830974870047401,0.09905397885364496,0.7540345019476906,1.8966116229468546,0.0302015995999227
mad,Modified Z-Score (MAD),numeric,synthetic_2,0.6331255661900823,0.8642160737812912,0.5,0.9983673469387755,0.7439591836734694,0.02,0.0116,31.656278309504113,0.0014765259999876435
mad,Modified Z-Score (MAD),numeric,synthetic_5,0.657906127479457,0.9616807535786448,0.5,0.9989473684210527,0.7448515789473683,0.05,0.026000000000000002,13.158122549589137,0.0021068649999506305
mad,Modified Z-Score (MAD),numeric,wine,0.4029781771501925,0.31153846153846154,0.5714285714285714,0.8646153846153848,0.8676923076923077,0.09722222222222222,0.17777777777777776,4.144918393544838,0.0008609760000126698
mahalanobis,Distância de Mahalanobis,numeric,breast_cancer,0.5087025652559634,0.40501119461869256,0.6849999999999999,0.8873949579831933,0.8786974789915967,0.10075566750629723,0.17027707808564232,5.048872960165435,0.0048540940000293634
mahalanobis,Distância de Mahalanobis,numeric,digits,0.004914004914004914,0.004366812227074236,0.0056179775280898875,0.8591723285978998,0.23462950496561202,0.09905397885364496,0.12743461324429606,0.04960936421610579,0.019924488000015117
mahalanobis,Distância de Mahalanobis,numeric,synthetic_2,0.7739995181091072,0.8592627960275019,0.705,0.9976530612244898,0.9071020408163266,0.02,0.0164,38.699975905455354,0.002017776799903004
mahalanobis,Distância de Mahalanobis,numeric,synthetic_5,0.7572137054216579,0.9630957765286123,0.624,0.9987368421052631,0.8817378947368422,0.05,0.0324,15.144274108433157,0.0031545616000585143
mahalanobis,Distância de Mahalanobis,numeric,wine,0.32926286610497135,0.26215942028985506,0.4428571428571429,0.8661538461538463,0.7882417582417582,0.09722222222222222,0.1638888888888889,3.3867037656511334,0.0016817222001009214
percentile_fence,Percentile Fence,numeric,breast_cancer,0.2117386793074849,0.2573288142253659,0.18,0.942296918767507,0.7570798319327732,0.10075566750629723,0.07002518891687656,2.1015063921267876,0.004306561800058261
percentile_fence,Percentile Fence,numeric,digits,0.0,0.0,0.0,0.9888820259419395,0.2597369023741941,0.09905397885364496,0.01001669449081803,0.0,0.01405025580002075
percentile_fence,Percentile Fence,numeric,synthetic_2,0.6272035482889071,0.9107936507936507,0.48,0.9989795918367348,0.7435548469387755,0.02,0.010600000000000002,31.36017741444536,0.002662876599970332
percentile_fence,Percentile Fence,numeric,synthetic_5,0.6569122807017543,0.9803076923076922,0.49399999999999994,0.9994736842105263,0.7444115789473684,0.05,0.0252,13.138245614035085,0.0029589092000605888
percentile_fence,Percentile Fence,numeric,wine,0.17816387816387816,0.1460380199510634,0.22857142857142856,0.8569230769230769,0.7216483516483516,0.09722222222222222,0.15138888888888888,1.832542746828461,0.001800987000024179
zscore,Z-Score,numeric,breast_cancer,0.4885115557325497,0.40320841969725524,0.62,0.8974789915966387,0.8702100840336134,0.10075566750629723,0.15465994962216625,4.848477190645555,0.001771030600002632
zscore,Z-Score,numeric,digits,0.007207207207207207,0.005305039787798408,0.011235955056179775,0.7683755404570722,0.286955812646175,0.09905397885364496,0.209794101279911,0.0727604008502885,0.00908989700001257
zscore,Z-Score,numeric,synthetic_2,0.5365943837465107,0.5800106326422115,0.5,0.9925510204081632,0.7424744897959183,0.02,0.0173,26.82971918732553,0.0013182548000713723
zscore,Z-Score,numeric,synthetic_5,0.5988620658303263,0.7467259109050154,0.5,0.9910526315789474,0.7452315789473685,0.05,0.0335,11.977241316606527,0.0021731749999162274
zscore,Z-Score,numeric,wine,0.24275862068965517,0.22999999999999998,0.2571428571428571,0.9076923076923077,0.8470879120879122,0.09722222222222222,0.10833333333333332,2.496945812807882,0.0006893677999414649
