modelo,nome,tipo,dataset,semente,tempo_s,f1,precisao,recall,especificidade,auc_roc,taxa_real,taxa_prevista,lift_f1
zscore,Z-Score,numeric,breast_cancer,0,0.0019856429998981184,0.4752475247524752,0.39344262295081966,0.6,0.896358543417367,0.8628851540616247,0.10075566750629723,0.15365239294710328,4.716831683168317
iqr,IQR (Tukey),numeric,breast_cancer,0,0.003003022000029887,0.536231884057971,0.37755102040816324,0.925,0.8291316526610645,0.9247198879551821,0.10075566750629723,0.24685138539042822,5.322101449275362
mad,Modified Z-Score (MAD),numeric,breast_cancer,0,0.0025344099999529135,0.5528455284552846,0.40963855421686746,0.85,0.8627450980392157,0.9195378151260504,0.10075566750629723,0.20906801007556675,5.4869918699186995
mahalanobis,Distância de Mahalanobis,numeric,breast_cancer,0,0.004914993000056711,0.5,0.39705882352941174,0.675,0.8851540616246498,0.8897058823529411,0.10075566750629723,0.1712846347607053,4.9624999999999995
knn,KNN Distance,numeric,breast_cancer,0,0.01682624900013252,0.47500000000000003,0.475,0.475,0.9411764705882353,0.9154761904761906,0.10075566750629723,0.10075566750629723,4.714375
lof,LOF,numeric,breast_cancer,0,0.003919043999985661,0.20000000000000004,0.2,0.2,0.9103641456582633,0.8231092436974791,0.10075566750629723,0.10075566750629723,1.9850000000000003
isolation_forest,Isolation Forest,numeric,breast_cancer,0,0.21404806999998982,0.55,0.55,0.55,0.9495798319327731,0.9254901960784314,0.10075566750629723,0.10075566750629723,5.45875
percentile_fence,Percentile Fence,numeric,breast_cancer,0,0.004366899000160629,0.14925373134328357,0.18518518518518517,0.125,0.938375350140056,0.7480042016806723,0.10075566750629723,0.06801007556675064,1.4813432835820894
frequency,Frequência Relativa,categorical,breast_cancer,0,0.02160047899997153,0.47058823529411764,0.4444444444444444,0.5,0.9299719887955182,0.8778711484593837,0.10075566750629723,0.11335012594458438,4.670588235294117
entropy,Entropia por Linha,categorical,breast_cancer,0,0.03418448000002172,0.65,0.65,0.65,0.9607843137254902,0.9607142857142857,0.10075566750629723,0.10075566750629723,6.45125
chi_square,Qui-Quadrado,categorical,breast_cancer,0,1.804347653999912,0.024096385542168672,0.023255813953488372,0.025,0.8823529411764706,0.38602941176470584,0.10075566750629723,0.10831234256926953,0.23915662650602407
binomial,Teste Binomial,categorical,breast_cancer,0,0.03356331700001647,0.308300395256917,0.18309859154929578,0.975,0.5126050420168067,0.8755602240896359,0.10075566750629723,0.5365239294710328,3.059881422924901
cooccurrence,Co-ocorrência de Pares,categorical,breast_cancer,0,0.3209734940000999,0.675,0.675,0.675,0.9635854341736695,0.9609943977591036,0.10075566750629723,0.10075566750629723,6.699375
lof_categorical,LOF Categórico,categorical,breast_cancer,0,0.04492369700005838,0.35,0.35,0.35,0.927170868347339,0.9011904761904761,0.10075566750629723,0.10075566750629723,3.4737499999999994
aleatorio,Aleatório (linha de base),—,breast_cancer,0,0.0,0.10075566750629723,0.10075566750629723,0.10075566750629723,0.8992443324937027,0.5,0.10075566750629723,0.10075566750629723,1.0
zscore,Z-Score,numeric,wine,0,0.000706682999862096,0.26666666666666666,0.25,0.2857142857142857,0.9076923076923077,0.8708791208791209,0.09722222222222222,0.1111111111111111,2.742857142857143
iqr,IQR (Tukey),numeric,wine,0,0.0014063050000459043,0.4,0.2777777777777778,0.7142857142857143,0.8,0.85,0.09722222222222222,0.25,4.114285714285715
mad,Modified Z-Score (MAD),numeric,wine,0,0.0008565699999962817,0.3157894736842105,0.25,0.42857142857142855,0.8615384615384616,0.8568681318681318,0.09722222222222222,0.16666666666666666,3.2481203007518795
mahalanobis,Distância de Mahalanobis,numeric,wine,0,0.001728378000052544,0.358974358974359,0.28,0.5,0.8615384615384616,0.8060439560439561,0.09722222222222222,0.1736111111111111,3.692307692307692
knn,KNN Distance,numeric,wine,0,0.0020035760001064773,0.2857142857142857,0.2857142857142857,0.2857142857142857,0.9230769230769231,0.8648351648351648,0.09722222222222222,0.09722222222222222,2.9387755102040813
lof,LOF,numeric,wine,0,0.00217218300008426,0.07142857142857142,0.07142857142857142,0.07142857142857142,0.9,0.8153846153846155,0.09722222222222222,0.09722222222222222,0.7346938775510203
isolation_forest,Isolation Forest,numeric,wine,0,0.20537238800011437,0.5,0.5,0.5,0.9461538461538461,0.9197802197802197,0.09722222222222222,0.09722222222222222,5.142857142857142
percentile_fence,Percentile Fence,numeric,wine,0,0.0019762720000926493,0.16666666666666663,0.13636363636363635,0.21428571428571427,0.8538461538461538,0.742032967032967,0.09722222222222222,0.1527777777777778,1.714285714285714
frequency,Frequência Relativa,categorical,wine,0,0.010124533999942287,0.25641025641025644,0.2,0.35714285714285715,0.8461538461538461,0.7398351648351649,0.09722222222222222,0.1736111111111111,2.6373626373626378
entropy,Entropia por Linha,categorical,wine,0,0.01957167999989906,0.5,0.5,0.5,0.9461538461538461,0.9357142857142857,0.09722222222222222,0.09722222222222222,5.142857142857142
chi_square,Qui-Quadrado,categorical,wine,0,0.46394019600006686,0.0,0.0,0.0,0.8846153846153846,0.21593406593406592,0.09722222222222222,0.10416666666666667,0.0
binomial,Teste Binomial,categorical,wine,0,0.01327307499991548,0.23076923076923078,0.140625,0.6428571428571429,0.5769230769230769,0.7398351648351649,0.09722222222222222,0.4444444444444444,2.3736263736263736
cooccurrence,Co-ocorrência de Pares,categorical,wine,0,0.07988351499989221,0.5714285714285714,0.5714285714285714,0.5714285714285714,0.9538461538461539,0.9373626373626374,0.09722222222222222,0.09722222222222222,5.877551020408163
lof_categorical,LOF Categórico,categorical,wine,0,0.016892247999976462,0.5714285714285714,0.5714285714285714,0.5714285714285714,0.9538461538461539,0.9423076923076922,0.09722222222222222,0.09722222222222222,5.877551020408163
aleatorio,Aleatório (linha de base),—,wine,0,0.0,0.09722222222222222,0.09722222222222222,0.09722222222222222,0.9027777777777778,0.5,0.09722222222222222,0.09722222222222222,1.0
zscore,Z-Score,numeric,digits,0,0.009890807000147106,0.007207207207207207,0.005305039787798408,0.011235955056179775,0.7683755404570722,0.286955812646175,0.09905397885364496,0.20979410127991097,0.0727604008502885
iqr,IQR (Tukey),numeric,digits,0,0.02360651300000427,0.08130081300813008,0.04843918191603875,0.25280898876404495,0.45398394070413833,0.3023592729594492,0.09905397885364496,0.5169727323316639,0.8207728144697177
mad,Modified Z-Score (MAD),numeric,digits,0,0.03311604000009538,0.18786692759295498,0.10627306273062731,0.8089887640449438,0.2520074119827054,0.4830974870047401,0.09905397885364496,0.7540345019476906,1.8966116229468546
mahalanobis,Distância de Mahalanobis,numeric,digits,0,0.020709047000082137,0.004914004914004914,0.004366812227074236,0.0056179775280898875,0.8591723285978999,0.23462950496561202,0.09905397885364496,0.12743461324429606,0.04960936421610579
knn,KNN Distance,numeric,digits,0,0.06080894499996248,0.0056179775280898875,0.0056179775280898875,0.0056179775280898875,0.8906732550957381,0.14396804796968582,0.09905397885364496,0.09905397885364496,0.056716323696502965
lof,LOF,numeric,digits,0,0.07225394100009908,0.056179775280898875,0.056179775280898875,0.056179775280898875,0.8962322421247684,0.49348675489794647,0.09905397885364496,0.09905397885364496,0.5671632369650297
isolation_forest,Isolation Forest,numeric,digits,0,0.31567645900008756,0.028089887640449437,0.028089887640449437,0.028089887640449437,0.8931439159975293,0.37394771359765705,0.09905397885364496,0.09905397885364496,0.28358161848251484
percentile_fence,Percentile Fence,numeric,digits,0,0.013948846999937814,0.0,0.0,0.0,0.9888820259419395,0.2597369023741941,0.09905397885364496,0.01001669449081803,0.0
frequency,Frequência Relativa,categorical,digits,0,0.0541720589999386,0.03684210526315789,0.034653465346534656,0.03932584269662921,0.8795552810376775,0.28832647424197205,0.09905397885364496,0.112409571508069,0.37193968066232996
entropy,Entropia por Linha,categorical,digits,0,0.09628524499999003,0.0056179775280898875,0.0056179775280898875,0.0056179775280898875,0.8906732550957381,0.5833327549951073,0.09905397885364496,0.09905397885364496,0.056716323696502965
chi_square,Qui-Quadrado,categorical,digits,0,1.9703673000001345,0.08938547486033518,0.08888888888888889,0.0898876404494382,0.8987029030265596,0.41713222893865687,0.09905397885364496,0.1001669449081803,0.902391563618103
binomial,Teste Binomial,categorical,digits,0,0.10485501099992689,0.18025316455696203,0.09905397885364496,1.0,0.0,0.28832647424197205,0.09905397885364496,1.0,1.819746835443038
cooccurrence,Co-ocorrência de Pares,categorical,digits,0,0.4230793799999901,0.033707865168539325,0.033707865168539325,0.033707865168539325,0.8937615812229771,0.5413384597233692,0.09905397885364496,0.09905397885364496,0.3402979421790178
lof_categorical,LOF Categórico,categorical,digits,0,0.2027701250001428,0.011235955056179775,0.011235955056179775,0.011235955056179775,0.891290920321186,0.2807808954063752,0.09905397885364496,0.09905397885364496,0.11343264739300593
aleatorio,Aleatório (linha de base),—,digits,0,0.0,0.09905397885364496,0.09905397885364496,0.09905397885364496,0.900946021146355,0.5,0.09905397885364496,0.09905397885364496,1.0
zscore,Z-Score,numeric,synthetic_5,0,0.002080147000015131,0.5988023952095809,0.746268656716418,0.5,0.9910526315789474,0.7450210526315789,0.05,0.0335,11.976047904191617
iqr,IQR (Tukey),numeric,synthetic_5,0,0.002844059999915771,0.5208333333333334,0.5434782608695652,0.5,0.9778947368421053,0.7434684210526317,0.05,0.046,10.416666666666666
mad,Modified Z-Score (MAD),numeric,synthetic_5,0,0.002080303000184358,0.6578947368421052,0.9615384615384616,0.5,0.9989473684210526,0.743521052631579,0.05,0.026,13.157894736842103
mahalanobis,Distância de Mahalanobis,numeric,synthetic_5,0,0.0029584559999875637,0.736196319018405,0.9523809523809523,0.6,0.998421052631579,0.8738947368421052,0.05,0.0315,14.723926380368098
knn,KNN Distance,numeric,synthetic_5,0,0.04071780399999625,0.69,0.69,0.69,0.9836842105263158,0.9074947368421054,0.05,0.05,13.799999999999999
lof,LOF,numeric,synthetic_5,0,0.029599894000057247,0.75,0.75,0.75,0.9868421052631579,0.9443421052631579,0.05,0.05,15.0
isolation_forest,Isolation Forest,numeric,synthetic_5,0,0.2779109300001892,0.58,0.58,0.58,0.9778947368421053,0.8236947368421053,0.05,0.05,11.599999999999998
percentile_fence,Percentile Fence,numeric,synthetic_5,0,0.002977636999958122,0.6578947368421052,0.9615384615384616,0.5,0.9989473684210526,0.7429789473684211,0.05,0.026,13.157894736842103
frequency,Frequência Relativa,categorical,synthetic_5,0,0.008431120000068404,0.4684684684684684,0.4262295081967213,0.52,0.9631578947368421,0.7469631578947369,0.05,0.061,9.369369369369368
entropy,Entropia por Linha,categorical,synthetic_5,0,0.012044564000007085,0.4975124378109453,0.49504950495049505,0.5,0.9731578947368421,0.7389657894736842,0.05,0.0505,9.950248756218905
chi_square,Qui-Quadrado,categorical,synthetic_5,0,0.09863133899989407,0.16585365853658537,0.1619047619047619,0.17,0.9536842105263158,0.6255605263157895,0.05,0.0525,3.317073170731707
binomial,Teste Binomial,categorical,synthetic_5,0,0.01100644200005263,0.37192982456140355,0.2864864864864865,0.53,0.9305263157894736,0.7634394736842105,0.05,0.0925,7.438596491228071
cooccurrence,Co-ocorrência de Pares,categorical,synthetic_5,0,0.025329008999960934,0.58,0.58,0.58,0.9778947368421053,0.7993552631578947,0.05,0.05,11.599999999999998
lof_categorical,LOF Categórico,categorical,synthetic_5,0,0.03987152199988486,0.061224489795918366,0.0625,0.06,0.9526315789473684,0.692221052631579,0.05,0.048,1.2244897959183672
aleatorio,Aleatório (linha de base),—,synthetic_5,0,0.0,0.05,0.05,0.05,0.95,0.5,0.05,0.05,1.0
zscore,Z-Score,numeric,synthetic_2,0,0.001239392999877964,0.5479452054794521,0.6060606060606061,0.5,0.9933673469387755,0.7287244897959184,0.02,0.0165,27.397260273972606
iqr,IQR (Tukey),numeric,synthetic_2,0,0.0018605179998303356,0.4819277108433735,0.46511627906976744,0.5,0.988265306122449,0.7307908163265306,0.02,0.0215,24.096385542168672
mad,Modified Z-Score (MAD),numeric,synthetic_2,0,0.0013836169998739933,0.6451612903225806,0.9090909090909091,0.5,0.9989795918367347,0.7297576530612245,0.02,0.011,32.25806451612903
mahalanobis,Distância de Mahalanobis,numeric,synthetic_2,0,0.0020314739999776066,0.7999999999999999,0.8571428571428571,0.75,0.9974489795918368,0.9300382653061225,0.02,0.0175,39.99999999999999
knn,KNN Distance,numeric,synthetic_2,0,0.039443941999934395,0.675,0.675,0.675,0.9933673469387755,0.9308673469387755,0.02,0.02,33.75
lof,LOF,numeric,synthetic_2,0,0.027666032000070118,0.8000000000000002,0.8,0.8,0.9959183673469387,0.9621683673469386,0.02,0.02,40.00000000000001
isolation_forest,Isolation Forest,numeric,synthetic_2,0,0.2689254439999331,0.5,0.5,0.5,0.9897959183673469,0.8320280612244898,0.02,0.02,25.0
percentile_fence,Percentile Fence,numeric,synthetic_2,0,0.0025175440000566596,0.6557377049180327,0.9523809523809523,0.5,0.9994897959183674,0.7311033163265306,0.02,0.0105,32.78688524590164
frequency,Frequência Relativa,categorical,synthetic_2,0,0.006919198000105098,0.4819277108433735,0.46511627906976744,0.5,0.988265306122449,0.7573405612244899,0.02,0.0215,24.096385542168672
entropy,Entropia por Linha,categorical,synthetic_2,0,0.009530846999950882,0.5,0.5,0.5,0.9897959183673469,0.7447576530612245,0.02,0.02,25.0
chi_square,Qui-Quadrado,categorical,synthetic_2,0,0.0940347319999546,0.1764705882352941,0.14516129032258066,0.225,0.9729591836734693,0.6764030612244898,0.02,0.031,8.823529411764705
binomial,Teste Binomial,categorical,synthetic_2,0,0.008152627999834294,0.4347826086956522,0.38461538461538464,0.5,0.9836734693877551,0.7278061224489797,0.02,0.026,21.73913043478261
cooccurrence,Co-ocorrência de Pares,categorical,synthetic_2,0,0.021863455999891812,0.5121951219512195,0.5,0.525,0.9892857142857143,0.8274617346938776,0.02,0.021,25.609756097560975
lof_categorical,LOF Categórico,categorical,synthetic_2,0,0.038997396000013396,0.026666666666666665,0.02857142857142857,0.025,0.9826530612244898,0.8282716836734694,0.02,0.0175,1.3333333333333333
aleatorio,Aleatório (linha de base),—,synthetic_2,0,0.0,0.02,0.02,0.02,0.98,0.5,0.02,0.02,1.0
zscore,Z-Score,numeric,breast_cancer,1,0.0016262990000086575,0.42857142857142855,0.3620689655172414,0.525,0.896358543417367,0.8467787114845939,0.10075566750629723,0.14609571788413098,4.253571428571428
iqr,IQR (Tukey),numeric,breast_cancer,1,0.0030623719999312016,0.5,0.34615384615384615,0.9,0.8095238095238095,0.9202380952380952,0.10075566750629723,0.2619647355163728,4.9624999999999995
mad,Modified Z-Score (MAD),numeric,breast_cancer,1,0.0025225090000731143,0.4878048780487804,0.3614457831325301,0.75,0.8515406162464986,0.9130252100840336,0.10075566750629723,0.20906801007556675,4.841463414634146
mahalanobis,Distância de Mahalanobis,numeric,breast_cancer,1,0.004764975999933085,0.4854368932038835,0.3968253968253968,0.625,0.8935574229691877,0.8533613445378151,0.10075566750629723,0.15869017632241814,4.817961165048543
knn,KNN Distance,numeric,breast_cancer,1,0.0038235600000007253,0.45,0.45,0.45,0.938375350140056,0.8911764705882352,0.10075566750629723,0.10075566750629723,4.46625
lof,LOF,numeric,breast_cancer,1,0.003931707999981882,0.20000000000000004,0.2,0.2,0.9103641456582633,0.7987394957983193,0.10075566750629723,0.10075566750629723,1.9850000000000003
isolation_forest,Isolation Forest,numeric,breast_cancer,1,0.21045977699986906,0.575,0.575,0.575,0.9523809523809523,0.903921568627451,0.10075566750629723,0.10075566750629723,5.706874999999999
percentile_fence,Percentile Fence,numeric,breast_cancer,1,0.00413472099990031,0.18181818181818185,0.23076923076923078,0.15,0.9439775910364145,0.6998249299719889,0.10075566750629723,0.0654911838790932,1.804545454545455
frequency,Frequência Relativa,categorical,breast_cancer,1,0.020236307999994096,0.33707865168539325,0.30612244897959184,0.375,0.9047619047619048,0.8572128851540617,0.10075566750629723,0.12342569269521411,3.345505617977528
entropy,Entropia por Linha,categorical,breast_cancer,1,0.03209799000001112,0.65,0.65,0.65,0.9607843137254902,0.9380252100840335,0.10075566750629723,0.10075566750629723,6.45125
chi_square,Qui-Quadrado,categorical,breast_cancer,1,1.7335379060000378,0.0,0.0,0.0,0.8851540616246498,0.3330882352941177,0.10075566750629723,0.10327455919395466,0.0
binomial,Teste Binomial,categorical,breast_cancer,1,0.032301653000104125,0.2889733840304182,0.17040358744394618,0.95,0.48179271708683474,0.856547619047619,0.10075566750629723,0.5617128463476071,2.868060836501901
cooccurrence,Co-ocorrência de Pares,categorical,breast_cancer,1,0.31912307900006454,0.625,0.625,0.625,0.957983193277311,0.9420168067226891,0.10075566750629723,0.10075566750629723,6.203125
lof_categorical,LOF Categórico,categorical,breast_cancer,1,0.042701718000216715,0.375,0.375,0.375,0.9299719887955182,0.8814425770308122,0.10075566750629723,0.10075566750629723,3.721875
aleatorio,Aleatório (linha de base),—,breast_cancer,1,0.0,0.10075566750629723,0.10075566750629723,0.10075566750629723,0.8992443324937027,0.5,0.10075566750629723,0.10075566750629723,1.0
zscore,Z-Score,numeric,wine,1,0.0006477330000507209,0.26666666666666666,0.25,0.2857142857142857,0.9076923076923077,0.8472527472527472,0.09722222222222222,0.1111111111111111,2.742857142857143
iqr,IQR (Tukey),numeric,wine,1,0.001167658999975174,0.3111111111111111,0.22580645161290322,0.5,0.8153846153846154,0.8362637362637363,0.09722222222222222,0.2152777777777778,3.2
mad,Modified Z-Score (MAD),numeric,wine,1,0.0008377040001050773,0.4210526315789474,0.3333333333333333,0.5714285714285714,0.8769230769230769,0.8744505494505493,0.09722222222222222,0.16666666666666666,4.330827067669174
mahalanobis,Distância de Mahalanobis,numeric,wine,1,0.0016908290001538262,0.3243243243243243,0.2608695652173913,0.42857142857142855,0.8692307692307693,0.7587912087912089,0.09722222222222222,0.1597222222222222,3.3359073359073355
knn,KNN Distance,numeric,wine,1,0.0018117929998879845,0.14285714285714285,0.14285714285714285,0.14285714285714285,0.9076923076923077,0.8065934065934065,0.09722222222222222,0.09722222222222222,1.4693877551020407
lof,LOF,numeric,wine,1,0.001981047999834118,0.0,0.0,0.0,0.8923076923076924,0.7686813186813186,0.09722222222222222,0.09722222222222222,0.0
isolation_forest,Isolation Forest,numeric,wine,1,0.19303948199990373,0.5,0.5,0.5,0.9461538461538461,0.9065934065934065,0.09722222222222222,0.09722222222222222,5.142857142857142
percentile_fence,Percentile Fence,numeric,wine,1,0.0017847569999958068,0.17142857142857143,0.14285714285714285,0.21428571428571427,0.8615384615384616,0.7357142857142857,0.09722222222222222,0.14583333333333334,1.763265306122449
frequency,Frequência Relativa,categorical,wine,1,0.009150528999953167,0.2162162162162162,0.17391304347826086,0.2857142857142857,0.8538461538461538,0.7222527472527472,0.09722222222222222,0.1597222222222222,2.223938223938224
entropy,Entropia por Linha,categorical,wine,1,0.013900177000095937,0.6428571428571429,0.6428571428571429,0.6428571428571429,0.9615384615384616,0.9434065934065934,0.09722222222222222,0.09722222222222222,6.612244897959184
chi_square,Qui-Quadrado,categorical,wine,1,0.44673341599991545,0.0,0.0,0.0,0.8923076923076924,0.24285714285714283,0.09722222222222222,0.09722222222222222,0.0
binomial,Teste Binomial,categorical,wine,1,0.013312734000010096,0.24691358024691357,0.14925373134328357,0.7142857142857143,0.5615384615384615,0.7222527472527472,0.09722222222222222,0.4652777777777778,2.5396825396825395
cooccurrence,Co-ocorrência de Pares,categorical,wine,1,0.0769091509998816,0.5,0.5,0.5,0.9461538461538461,0.9263736263736264,0.09722222222222222,0.09722222222222222,5.142857142857142
lof_categorical,LOF Categórico,categorical,wine,1,0.015851614999974117,0.5714285714285714,0.5714285714285714,0.5714285714285714,0.9538461538461539,0.9478021978021978,0.09722222222222222,0.09722222222222222,5.877551020408163
aleatorio,Aleatório (linha de base),—,wine,1,0.0,0.09722222222222222,0.09722222222222222,0.09722222222222222,0.9027777777777778,0.5,0.09722222222222222,0.09722222222222222,1.0
zscore,Z-Score,numeric,digits,1,0.008388970999931189,0.007207207207207207,0.005305039787798408,0.011235955056179775,0.7683755404570722,0.286955812646175,0.09905397885364496,0.20979410127991097,0.0727604008502885
iqr,IQR (Tukey),numeric,digits,1,0.021188841999901342,0.08130081300813008,0.04843918191603875,0.25280898876404495,0.45398394070413833,0.3023592729594492,0.09905397885364496,0.5169727323316639,0.8207728144697177
mad,Modified Z-Score (MAD),numeric,digits,1,0.028818325999964145,0.18786692759295498,0.10627306273062731,0.8089887640449438,0.2520074119827054,0.4830974870047401,0.09905397885364496,0.7540345019476906,1.8966116229468546
mahalanobis,Distância de Mahalanobis,numeric,digits,1,0.019341943999961586,0.004914004914004914,0.004366812227074236,0.0056179775280898875,0.8591723285978999,0.23462950496561202,0.09905397885364496,0.12743461324429606,0.04960936421610579
knn,KNN Distance,numeric,digits,1,0.059339956000030725,0.0056179775280898875,0.0056179775280898875,0.0056179775280898875,0.8906732550957381,0.14396804796968582,0.09905397885364496,0.09905397885364496,0.056716323696502965
lof,LOF,numeric,digits,1,0.06928142600008869,0.056179775280898875,0.056179775280898875,0.056179775280898875,0.8962322421247684,0.49348675489794647,0.09905397885364496,0.09905397885364496,0.5671632369650297
isolation_forest,Isolation Forest,numeric,digits,1,0.2964064519999283,0.028089887640449437,0.028089887640449437,0.028089887640449437,0.8931439159975293,0.4103275013706616,0.09905397885364496,0.09905397885364496,0.28358161848251484
percentile_fence,Percentile Fence,numeric,digits,1,0.014127567000059571,0.0,0.0,0.0,0.9888820259419395,0.2597369023741941,0.09905397885364496,0.01001669449081803,0.0
frequency,Frequência Relativa,categorical,digits,1,0.05592242299985628,0.03684210526315789,0.034653465346534656,0.03932584269662921,0.8795552810376775,0.28832647424197205,0.09905397885364496,0.112409571508069,0.37193968066232996
entropy,Entropia por Linha,categorical,digits,1,0.08968577500013453,0.0056179775280898875,0.0056179775280898875,0.0056179775280898875,0.8906732550957381,0.5833327549951073,0.09905397885364496,0.09905397885364496,0.056716323696502965
chi_square,Qui-Quadrado,categorical,digits,1,1.919385782000063,0.08938547486033518,0.08888888888888889,0.0898876404494382,0.8987029030265596,0.41713222893865687,0.09905397885364496,0.1001669449081803,0.902391563618103
binomial,Teste Binomial,categorical,digits,1,0.10344602299983308,0.18025316455696203,0.09905397885364496,1.0,0.0,0.28832647424197205,0.09905397885364496,1.0,1.819746835443038
cooccurrence,Co-ocorrência de Pares,categorical,digits,1,0.41419203699979334,0.033707865168539325,0.033707865168539325,0.033707865168539325,0.8937615812229771,0.5413384597233692,0.09905397885364496,0.09905397885364496,0.3402979421790178
lof_categorical,LOF Categórico,categorical,digits,1,0.20929205899983572,0.011235955056179775,0.011235955056179775,0.011235955056179775,0.891290920321186,0.2766376803547758,0.09905397885364496,0.09905397885364496,0.11343264739300593
aleatorio,Aleatório (linha de base),—,digits,1,0.0,0.09905397885364496,0.09905397885364496,0.09905397885364496,0.900946021146355,0.5,0.09905397885364496,0.09905397885364496,1.0
zscore,Z-Score,numeric,synthetic_5,1,0.0020478709998315026,0.588235294117647,0.7142857142857143,0.5,0.9894736842105263,0.7220842105263158,0.05,0.035,11.764705882352938
iqr,IQR (Tukey),numeric,synthetic_5,1,0.0033213950000572368,0.4807692307692307,0.46296296296296297,0.5,0.9694736842105263,0.7224947368421054,0.05,0.054,9.615384615384613
mad,Modified Z-Score (MAD),numeric,synthetic_5,1,0.0021876749999591993,0.662251655629139,0.9803921568627451,0.5,0.9994736842105263,0.722278947368421,0.05,0.0255,13.24503311258278
mahalanobis,Distância de Mahalanobis,numeric,synthetic_5,1,0.0032543190000069444,0.7590361445783134,0.9545454545454546,0.63,0.998421052631579,0.8643526315789475,0.05,0.033,15.180722891566267
knn,KNN Distance,numeric,synthetic_5,1,0.04122307800003,0.7,0.7,0.7,0.9842105263157894,0.8829526315789474,0.05,0.05,13.999999999999998
lof,LOF,numeric,synthetic_5,1,0.0298267069999838,0.7699999999999999,0.77,0.77,0.9878947368421053,0.915821052631579,0.05,0.05,15.399999999999997
isolation_forest,Isolation Forest,numeric,synthetic_5,1,0.2640858049999224,0.51,0.51,0.51,0.9742105263157895,0.7966368421052632,0.05,0.05,10.2
percentile_fence,Percentile Fence,numeric,synthetic_5,1,0.003066516999979285,0.6666666666666666,1.0,0.5,1.0,0.7208315789473684,0.05,0.025,13.333333333333332
frequency,Frequência Relativa,categorical,synthetic_5,1,0.008155581000210077,0.4784688995215311,0.45871559633027525,0.5,0.9689473684210527,0.7377421052631579,0.05,0.0545,9.569377990430622
entropy,Entropia por Linha,categorical,synthetic_5,1,0.012305623999964155,0.5,0.5,0.5,0.9736842105263158,0.7391342105263159,0.05,0.05,10.0
chi_square,Qui-Quadrado,categorical,synthetic_5,1,0.10121389899995847,0.21782178217821785,0.21568627450980393,0.22,0.9578947368421052,0.6333631578947369,0.05,0.051,4.356435643564357
binomial,Teste Binomial,categorical,synthetic_5,1,0.012023827000120946,0.3292682926829268,0.23684210526315788,0.54,0.9084210526315789,0.7454605263157894,0.05,0.114,6.585365853658535
cooccurrence,Co-ocorrência de Pares,categorical,synthetic_5,1,0.025295090999861713,0.55,0.55,0.55,0.9763157894736842,0.8066815789473684,0.05,0.05,11.0
lof_categorical,LOF Categórico,categorical,synthetic_5,1,0.04054011000016544,0.0,0.0,0.0,0.9473684210526315,0.6627052631578947,0.05,0.05,0.0
aleatorio,Aleatório (linha de base),—,synthetic_5,1,0.0,0.05,0.05,0.05,0.95,0.5,0.05,0.05,1.0
zscore,Z-Score,numeric,synthetic_2,1,0.0013986339999974007,0.5128205128205129,0.5263157894736842,0.5,0.9908163265306122,0.7369642857142856,0.02,0.019,25.641025641025642
iqr,IQR (Tukey),numeric,synthetic_2,1,0.0021123520000401186,0.4444444444444445,0.4,0.5,0.9846938775510204,0.7386479591836734,0.02,0.025,22.222222222222225
mad,Modified Z-Score (MAD),numeric,synthetic_2,1,0.0015625969999746303,0.634920634920635,0.8695652173913043,0.5,0.9984693877551021,0.7387372448979592,0.02,0.0115,31.74603174603175
mahalanobis,Distância de Mahalanobis,numeric,synthetic_2,1,0.0021104289999129833,0.7671232876712328,0.8484848484848485,0.7,0.9974489795918368,0.9021811224489796,0.02,0.0165,38.35616438356164
knn,KNN Distance,numeric,synthetic_2,1,0.03871255099988957,0.625,0.625,0.625,0.9923469387755102,0.8960714285714286,0.02,0.02,31.25
lof,LOF,numeric,synthetic_2,1,0.027916069999946558,0.7,0.7,0.7,0.9938775510204082,0.9304974489795917,0.02,0.02,35.0
isolation_forest,Isolation Forest,numeric,synthetic_2,1,0.2758218389999456,0.525,0.525,0.525,0.9903061224489796,0.806658163265306,0.02,0.02,26.25
percentile_fence,Percentile Fence,numeric,synthetic_2,1,0.002696057000093788,0.5862068965517241,0.9444444444444444,0.425,0.9994897959183674,0.7384885204081633,0.02,0.009,29.310344827586203
frequency,Frequência Relativa,categorical,synthetic_2,1,0.007719330999861995,0.40816326530612246,0.3448275862068966,0.5,0.9806122448979592,0.7543494897959183,0.02,0.029,20.408163265306122
entropy,Entropia por Linha,categorical,synthetic_2,1,0.010397065999995903,0.5,0.5,0.5,0.9897959183673469,0.7391454081632652,0.02,0.02,25.0
chi_square,Qui-Quadrado,categorical,synthetic_2,1,0.09770119299992075,0.10000000000000002,0.1,0.1,0.9816326530612245,0.6366198979591837,0.02,0.02,5.000000000000001
binomial,Teste Binomial,categorical,synthetic_2,1,0.009054928000068685,0.30769230769230765,0.2222222222222222,0.5,0.9642857142857143,0.7644196428571429,0.02,0.045,15.384615384615383
cooccurrence,Co-ocorrência de Pares,categorical,synthetic_2,1,0.022869140000011612,0.575,0.575,0.575,0.9913265306122448,0.7834247448979591,0.02,0.02,28.749999999999996
lof_categorical,LOF Categórico,categorical,synthetic_2,1,0.04075321199979953,0.027027027027027025,0.029411764705882353,0.025,0.9831632653061224,0.788016581632653,0.02,0.017,1.3513513513513513
aleatorio,Aleatório (linha de base),—,synthetic_2,1,0.0,0.02,0.02,0.02,0.98,0.5,0.02,0.02,1.0
zscore,Z-Score,numeric,breast_cancer,2,0.0017033240001183003,0.4950495049504951,0.4098360655737705,0.625,0.8991596638655462,0.8541316526610644,0.10075566750629723,0.15365239294710328,4.913366336633664
iqr,IQR (Tukey),numeric,breast_cancer,2,0.0030772500001603476,0.46808510638297873,0.32673267326732675,0.825,0.8095238095238095,0.8987394957983192,0.10075566750629723,0.25440806045340053,4.645744680851064
mad,Modified Z-Score (MAD),numeric,breast_cancer,2,0.002496178000001237,0.4918032786885247,0.36585365853658536,0.75,0.8543417366946778,0.8934873949579832,0.10075566750629723,0.20654911838790932,4.881147540983608
mahalanobis,Distância de Mahalanobis,numeric,breast_cancer,2,0.004657335000047169,0.5000000000000001,0.40625,0.65,0.8935574229691877,0.8651260504201681,0.10075566750629723,0.16120906801007556,4.962500000000001
knn,KNN Distance,numeric,breast_cancer,2,0.003872447000048851,0.47500000000000003,0.475,0.475,0.9411764705882353,0.8804621848739496,0.10075566750629723,0.10075566750629723,4.714375
lof,LOF,numeric,breast_cancer,2,0.004015937000076519,0.20000000000000004,0.2,0.2,0.9103641456582633,0.7849439775910364,0.10075566750629723,0.10075566750629723,1.9850000000000003
isolation_forest,Isolation Forest,numeric,breast_cancer,2,0.2132420389998515,0.625,0.625,0.625,0.957983193277311,0.9086134453781513,0.10075566750629723,0.10075566750629723,6.203125
percentile_fence,Percentile Fence,numeric,breast_cancer,2,0.004457194999986314,0.2608695652173913,0.3103448275862069,0.225,0.9439775910364145,0.7373249299719887,0.10075566750629723,0.07304785894206549,2.5891304347826085
frequency,Frequência Relativa,categorical,breast_cancer,2,0.022453734999999142,0.44186046511627913,0.41304347826086957,0.475,0.9243697478991597,0.8800420168067227,0.10075566750629723,0.11586901763224182,4.38546511627907
entropy,Entropia por Linha,categorical,breast_cancer,2,0.03428926699984913,0.6,0.6,0.6,0.9551820728291317,0.9130952380952381,0.10075566750629723,0.10075566750629723,5.954999999999999
chi_square,Qui-Quadrado,categorical,breast_cancer,2,1.806905345999894,0.047058823529411764,0.044444444444444446,0.05,0.8795518207282913,0.35423669467787117,0.10075566750629723,0.11335012594458438,0.46705882352941175
binomial,Teste Binomial,categorical,breast_cancer,2,0.034167754000009154,0.2921348314606742,0.17180616740088106,0.975,0.4733893557422969,0.877626050420168,0.10075566750629723,0.5717884130982368,2.8994382022471914
cooccurrence,Co-ocorrência de Pares,categorical,breast_cancer,2,0.33109224700001505,0.575,0.575,0.575,0.9523809523809523,0.9195378151260505,0.10075566750629723,0.10075566750629723,5.706874999999999
lof_categorical,LOF Categórico,categorical,breast_cancer,2,0.04177800999991632,0.5,0.5,0.5,0.9439775910364145,0.8766806722689076,0.10075566750629723,0.10075566750629723,4.9624999999999995
aleatorio,Aleatório (linha de base),—,breast_cancer,2,0.0,0.10075566750629723,0.10075566750629723,0.10075566750629723,0.8992443324937027,0.5,0.10075566750629723,0.10075566750629723,1.0
zscore,Z-Score,numeric,wine,2,0.0006764370000382769,0.20689655172413796,0.2,0.21428571428571427,0.9076923076923077,0.8173076923076923,0.09722222222222222,0.10416666666666667,2.12807881773399
iqr,IQR (Tukey),numeric,wine,2,0.0011788870001510077,0.30434782608695654,0.21875,0.5,0.8076923076923077,0.8090659340659341,0.09722222222222222,0.2222222222222222,3.130434782608696
mad,Modified Z-Score (MAD),numeric,wine,2,0.0008936460001223168,0.4,0.3076923076923077,0.5714285714285714,0.8615384615384616,0.8535714285714285,0.09722222222222222,0.18055555555555555,4.114285714285715
mahalanobis,Distância de Mahalanobis,numeric,wine,2,0.0016106379998745979,0.3243243243243243,0.2608695652173913,0.42857142857142855,0.8692307692307693,0.7791208791208791,0.09722222222222222,0.1597222222222222,3.3359073359073355
knn,KNN Distance,numeric,wine,2,0.0018429530000503291,0.21428571428571427,0.21428571428571427,0.21428571428571427,0.9153846153846154,0.8489010989010989,0.09722222222222222,0.09722222222222222,2.204081632653061
lof,LOF,numeric,wine,2,0.0021727670000473154,0.07142857142857142,0.07142857142857142,0.07142857142857142,0.9,0.787912087912088,0.09722222222222222,0.09722222222222222,0.7346938775510203
isolation_forest,Isolation Forest,numeric,wine,2,0.20115268300014577,0.5,0.5,0.5,0.9461538461538461,0.904945054945055,0.09722222222222222,0.09722222222222222,5.142857142857142
percentile_fence,Percentile Fence,numeric,wine,2,0.0017868689999431808,0.2222222222222222,0.18181818181818182,0.2857142857142857,0.8615384615384616,0.7024725274725274,0.09722222222222222,0.1527777777777778,2.2857142857142856
frequency,Frequência Relativa,categorical,wine,2,0.009586879000153203,0.15789473684210525,0.125,0.21428571428571427,0.8384615384615385,0.6881868131868132,0.09722222222222222,0.16666666666666666,1.6240601503759398
entropy,Entropia por Linha,categorical,wine,2,0.014851943999929063,0.5714285714285714,0.5714285714285714,0.5714285714285714,0.9538461538461539,0.9340659340659341,0.09722222222222222,0.09722222222222222,5.877551020408163
chi_square,Qui-Quadrado,categorical,wine,2,0.4606284889998733,0.0,0.0,0.0,0.8923076923076924,0.36126373626373626,0.09722222222222222,0.09722222222222222,0.0
binomial,Teste Binomial,categorical,wine,2,0.013906404999943334,0.24390243902439024,0.14705882352941177,0.7142857142857143,0.5538461538461539,0.6881868131868132,0.09722222222222222,0.4722222222222222,2.508710801393728
cooccurrence,Co-ocorrência de Pares,categorical,wine,2,0.08135534200005168,0.5,0.5,0.5,0.9461538461538461,0.9307692307692308,0.09722222222222222,0.09722222222222222,5.142857142857142
lof_categorical,LOF Categórico,categorical,wine,2,0.01713698799994745,0.5714285714285714,0.5714285714285714,0.5714285714285714,0.9538461538461539,0.9351648351648352,0.09722222222222222,0.09722222222222222,5.877551020408163
aleatorio,Aleatório (linha de base),—,wine,2,0.0,0.09722222222222222,0.09722222222222222,0.09722222222222222,0.9027777777777778,0.5,0.09722222222222222,0.09722222222222222,1.0
zscore,Z-Score,numeric,digits,2,0.009153607000143893,0.007207207207207207,0.005305039787798408,0.011235955056179775,0.7683755404570722,0.286955812646175,0.09905397885364496,0.20979410127991097,0.0727604008502885
iqr,IQR (Tukey),numeric,digits,2,0.021772971000018515,0.08130081300813008,0.04843918191603875,0.25280898876404495,0.45398394070413833,0.3023592729594492,0.09905397885364496,0.5169727323316639,0.8207728144697177
mad,Modified Z-Score (MAD),numeric,digits,2,0.029527232999953412,0.18786692759295498,0.10627306273062731,0.8089887640449438,0.2520074119827054,0.4830974870047401,0.09905397885364496,0.7540345019476906,1.8966116229468546
mahalanobis,Distância de Mahalanobis,numeric,digits,2,0.019550027000150294,0.004914004914004914,0.004366812227074236,0.0056179775280898875,0.8591723285978999,0.23462950496561202,0.09905397885364496,0.12743461324429606,0.04960936421610579
knn,KNN Distance,numeric,digits,2,0.054114470000058645,0.0056179775280898875,0.0056179775280898875,0.0056179775280898875,0.8906732550957381,0.14396804796968582,0.09905397885364496,0.09905397885364496,0.056716323696502965
lof,LOF,numeric,digits,2,0.04070411699990473,0.056179775280898875,0.056179775280898875,0.056179775280898875,0.8962322421247684,0.49348675489794647,0.09905397885364496,0.09905397885364496,0.5671632369650297
isolation_forest,Isolation Forest,numeric,digits,2,0.29688723900017067,0.0449438202247191,0.0449438202247191,0.0449438202247191,0.8949969116738727,0.4135962690244359,0.09905397885364496,0.09905397885364496,0.4537305895720237
percentile_fence,Percentile Fence,numeric,digits,2,0.014155004000031113,0.0,0.0,0.0,0.9888820259419395,0.2597369023741941,0.09905397885364496,0.01001669449081803,0.0
frequency,Frequência Relativa,categorical,digits,2,0.05376273500019124,0.03684210526315789,0.034653465346534656,0.03932584269662921,0.8795552810376775,0.28832647424197205,0.09905397885364496,0.112409571508069,0.37193968066232996
entropy,Entropia por Linha,categorical,digits,2,0.08718284099995799,0.0056179775280898875,0.0056179775280898875,0.0056179775280898875,0.8906732550957381,0.5833327549951073,0.09905397885364496,0.09905397885364496,0.056716323696502965
chi_square,Qui-Quadrado,categorical,digits,2,1.8663446089999525,0.08938547486033518,0.08888888888888889,0.0898876404494382,0.8987029030265596,0.41713222893865687,0.09905397885364496,0.1001669449081803,0.902391563618103
binomial,Teste Binomial,categorical,digits,2,0.10264330099994368,0.18025316455696203,0.09905397885364496,1.0,0.0,0.28832647424197205,0.09905397885364496,1.0,1.819746835443038
cooccurrence,Co-ocorrência de Pares,categorical,digits,2,0.3957223849999991,0.033707865168539325,0.033707865168539325,0.033707865168539325,0.8937615812229771,0.5413384597233692,0.09905397885364496,0.09905397885364496,0.3402979421790178
lof_categorical,LOF Categórico,categorical,digits,2,0.1980485779999981,0.011235955056179775,0.011235955056179775,0.011235955056179775,0.891290920321186,0.28477836922500366,0.09905397885364496,0.09905397885364496,0.11343264739300593
aleatorio,Aleatório (linha de base),—,digits,2,0.0,0.09905397885364496,0.09905397885364496,0.09905397885364496,0.900946021146355,0.5,0.09905397885364496,0.09905397885364496,1.0
zscore,Z-Score,numeric,synthetic_5,2,0.0018838529999811726,0.6060606060606061,0.7692307692307693,0.5,0.9921052631578947,0.7723684210526316,0.05,0.0325,12.121212121212121
iqr,IQR (Tukey),numeric,synthetic_5,2,0.003099973999951544,0.4878048780487805,0.47619047619047616,0.5,0.9710526315789474,0.7708526315789475,0.05,0.0525,9.75609756097561
mad,Modified Z-Score (MAD),numeric,synthetic_5,2,0.002043864000143003,0.6578947368421052,0.9615384615384616,0.5,0.9989473684210526,0.7703210526315788,0.05,0.026,13.157894736842103
mahalanobis,Distância de Mahalanobis,numeric,synthetic_5,2,0.003160081000032733,0.787878787878788,1.0,0.65,1.0,0.9168578947368421,0.05,0.0325,15.757575757575758
knn,KNN Distance,numeric,synthetic_5,2,0.04022725699996954,0.75,0.75,0.75,0.9868421052631579,0.9330315789473684,0.05,0.05,15.0
lof,LOF,numeric,synthetic_5,2,0.02901829000006728,0.81,0.81,0.81,0.99,0.9642526315789474,0.05,0.05,16.2
isolation_forest,Isolation Forest,numeric,synthetic_5,2,0.2602167779998581,0.55,0.55,0.55,0.9763157894736842,0.842321052631579,0.05,0.05,11.0
percentile_fence,Percentile Fence,numeric,synthetic_5,2,0.002891174000069441,0.64,0.96,0.48,0.9989473684210526,0.7709026315789473,0.05,0.025,12.799999999999999
frequency,Frequência Relativa,categorical,synthetic_5,2,0.007972719999997935,0.4830917874396135,0.4672897196261682,0.5,0.97,0.7707368421052632,0.05,0.0535,9.661835748792269
entropy,Entropia por Linha,categorical,synthetic_5,2,0.012008402999981627,0.504950495049505,0.5,0.51,0.9731578947368421,0.781363157894737,0.05,0.051,10.099009900990099
chi_square,Qui-Quadrado,categorical,synthetic_5,2,0.09918284300010782,0.12227074235807861,0.10852713178294573,0.14,0.9394736842105263,0.6541684210526316,0.05,0.0645,2.445414847161572
binomial,Teste Binomial,categorical,synthetic_5,2,0.010402032000001782,0.41493775933609955,0.3546099290780142,0.5,0.9521052631578948,0.7508868421052631,0.05,0.0705,8.29875518672199
cooccurrence,Co-ocorrência de Pares,categorical,synthetic_5,2,0.024742004000017914,0.58,0.58,0.58,0.9778947368421053,0.8441105263157894,0.05,0.05,11.599999999999998
lof_categorical,LOF Categórico,categorical,synthetic_5,2,0.046449537999933455,0.0,0.0,0.0,0.9521052631578948,0.733178947368421,0.05,0.0455,0.0
aleatorio,Aleatório (linha de base),—,synthetic_5,2,0.0,0.05,0.05,0.05,0.95,0.5,0.05,0.05,1.0
zscore,Z-Score,numeric,synthetic_2,2,0.0013654680001309316,0.5479452054794521,0.6060606060606061,0.5,0.9933673469387755,0.7436352040816328,0.02,0.0165,27.397260273972606
iqr,IQR (Tukey),numeric,synthetic_2,2,0.0018715410001277633,0.47619047619047616,0.45454545454545453,0.5,0.9877551020408163,0.7425892857142857,0.02,0.022,23.809523809523807
mad,Modified Z-Score (MAD),numeric,synthetic_2,2,0.0014100079999934678,0.6451612903225806,0.9090909090909091,0.5,0.9989795918367347,0.7445408163265306,0.02,0.011,32.25806451612903
mahalanobis,Distância de Mahalanobis,numeric,synthetic_2,2,0.002030339999919306,0.7777777777777777,0.875,0.7,0.9979591836734694,0.8993367346938775,0.02,0.016,38.888888888888886
knn,KNN Distance,numeric,synthetic_2,2,0.038111033999939536,0.675,0.675,0.675,0.9933673469387755,0.8982780612244897,0.02,0.02,33.75
lof,LOF,numeric,synthetic_2,2,0.027504317999955674,0.75,0.75,0.75,0.9948979591836735,0.9482397959183674,0.02,0.02,37.5
isolation_forest,Isolation Forest,numeric,synthetic_2,2,0.2717407699999512,0.5,0.5,0.5,0.9897959183673469,0.8120663265306123,0.02,0.02,25.0
percentile_fence,Percentile Fence,numeric,synthetic_2,2,0.002778801999966163,0.6153846153846154,0.8,0.5,0.9974489795918368,0.7436862244897959,0.02,0.0125,30.76923076923077
frequency,Frequência Relativa,categorical,synthetic_2,2,0.007511786000122811,0.45454545454545453,0.4166666666666667,0.5,0.9857142857142858,0.7461670918367347,0.02,0.024,22.727272727272727
entropy,Entropia por Linha,categorical,synthetic_2,2,0.010218066000106774,0.5,0.5,0.5,0.9897959183673469,0.7356887755102041,0.02,0.02,25.0
chi_square,Qui-Quadrado,categorical,synthetic_2,2,0.09535974999994323,0.08988764044943819,0.08163265306122448,0.1,0.9770408163265306,0.5914349489795918,0.02,0.0245,4.4943820224719095
binomial,Teste Binomial,categorical,synthetic_2,2,0.008807135000097333,0.32786885245901637,0.24390243902439024,0.5,0.9683673469387755,0.772608418367347,0.02,0.041,16.39344262295082
cooccurrence,Co-ocorrência de Pares,categorical,synthetic_2,2,0.023124139999936233,0.575,0.575,0.575,0.9913265306122448,0.7904846938775509,0.02,0.02,28.749999999999996
lof_categorical,LOF Categórico,categorical,synthetic_2,2,0.04301702600014323,0.0,0.0,0.0,0.9795918367346939,0.8243686224489796,0.02,0.02,0.0
aleatorio,Aleatório (linha de base),—,synthetic_2,2,0.0,0.02,0.02,0.02,0.98,0.5,0.02,0.02,1.0
zscore,Z-Score,numeric,breast_cancer,3,0.0016734669998186291,0.5000000000000001,0.40625,0.65,0.8935574229691877,0.8967787114845938,0.10075566750629723,0.16120906801007556,4.962500000000001
iqr,IQR (Tukey),numeric,breast_cancer,3,0.002967742000009821,0.5277777777777778,0.36538461538461536,0.95,0.8151260504201681,0.9331932773109244,0.10075566750629723,0.2619647355163728,5.238194444444444
mad,Modified Z-Score (MAD),numeric,breast_cancer,3,0.00255556299998716,0.5511811023622047,0.40229885057471265,0.875,0.8543417366946778,0.924859943977591,0.10075566750629723,0.21914357682619648,5.4704724409448815
mahalanobis,Distância de Mahalanobis,numeric,breast_cancer,3,0.0049191049999990355,0.5045045045045045,0.39436619718309857,0.7,0.8795518207282913,0.884873949579832,0.10075566750629723,0.17884130982367757,5.007207207207206
knn,KNN Distance,numeric,breast_cancer,3,0.0038141649999943184,0.5,0.5,0.5,0.9439775910364145,0.911484593837535,0.10075566750629723,0.10075566750629723,4.9624999999999995
lof,LOF,numeric,breast_cancer,3,0.004056162000097174,0.15,0.15,0.15,0.9047619047619048,0.7167366946778712,0.10075566750629723,0.10075566750629723,1.4887499999999998
isolation_forest,Isolation Forest,numeric,breast_cancer,3,0.21675818899984733,0.625,0.625,0.625,0.957983193277311,0.9331232492997198,0.10075566750629723,0.10075566750629723,6.203125
percentile_fence,Percentile Fence,numeric,breast_cancer,3,0.004246698000088145,0.2608695652173913,0.3103448275862069,0.225,0.9439775910364145,0.7917016806722689,0.10075566750629723,0.07304785894206549,2.5891304347826085
frequency,Frequência Relativa,categorical,breast_cancer,3,0.02082571400001143,0.4772727272727273,0.4375,0.525,0.9243697478991597,0.8886554621848741,0.10075566750629723,0.12090680100755667,4.7369318181818185
entropy,Entropia por Linha,categorical,breast_cancer,3,0.03318193299992345,0.625,0.625,0.625,0.957983193277311,0.9357142857142856,0.10075566750629723,0.10075566750629723,6.203125
chi_square,Qui-Quadrado,categorical,breast_cancer,3,1.8635158659999433,0.02469135802469136,0.024390243902439025,0.025,0.8879551820728291,0.33525910364145656,0.10075566750629723,0.10327455919395466,0.24506172839506174
binomial,Teste Binomial,categorical,breast_cancer,3,0.032938162000164084,0.286764705882353,0.16810344827586207,0.975,0.45938375350140054,0.8873949579831932,0.10075566750629723,0.5843828715365239,2.846139705882353
cooccurrence,Co-ocorrência de Pares,categorical,breast_cancer,3,0.3177526179999859,0.675,0.675,0.675,0.9635854341736695,0.948109243697479,0.10075566750629723,0.10075566750629723,6.699375
lof_categorical,LOF Categórico,categorical,breast_cancer,3,0.040585150999959296,0.45,0.45,0.45,0.938375350140056,0.8930672268907563,0.10075566750629723,0.10075566750629723,4.46625
aleatorio,Aleatório (linha de base),—,breast_cancer,3,0.0,0.10075566750629723,0.10075566750629723,0.10075566750629723,0.8992443324937027,0.5,0.10075566750629723,0.10075566750629723,1.0
zscore,Z-Score,numeric,wine,3,0.0006714030000694038,0.26666666666666666,0.25,0.2857142857142857,0.9076923076923077,0.8574175824175825,0.09722222222222222,0.1111111111111111,2.742857142857143
iqr,IQR (Tukey),numeric,wine,3,0.0013297460000103456,0.40740740740740744,0.275,0.7857142857142857,0.7769230769230769,0.8788461538461538,0.09722222222222222,0.2777777777777778,4.190476190476191
mad,Modified Z-Score (MAD),numeric,wine,3,0.0008377149999887479,0.43902439024390244,0.3333333333333333,0.6428571428571429,0.8615384615384616,0.8774725274725275,0.09722222222222222,0.1875,4.515679442508711
mahalanobis,Distância de Mahalanobis,numeric,wine,3,0.0017557040000610868,0.3684210526315789,0.2916666666666667,0.5,0.8692307692307693,0.8521978021978023,0.09722222222222222,0.16666666666666666,3.789473684210526
knn,KNN Distance,numeric,wine,3,0.0018992649997926492,0.2857142857142857,0.2857142857142857,0.2857142857142857,0.9230769230769231,0.8895604395604395,0.09722222222222222,0.09722222222222222,2.9387755102040813
lof,LOF,numeric,wine,3,0.00205447100006495,0.21428571428571427,0.21428571428571427,0.21428571428571427,0.9153846153846154,0.8225274725274725,0.09722222222222222,0.09722222222222222,2.204081632653061
isolation_forest,Isolation Forest,numeric,wine,3,0.19523862899995947,0.5714285714285714,0.5714285714285714,0.5714285714285714,0.9538461538461539,0.9153846153846154,0.09722222222222222,0.09722222222222222,5.877551020408163
percentile_fence,Percentile Fence,numeric,wine,3,0.0016862680001850094,0.11428571428571427,0.09523809523809523,0.14285714285714285,0.8538461538461538,0.7013736263736263,0.09722222222222222,0.14583333333333334,1.1755102040816325
frequency,Frequência Relativa,categorical,wine,3,0.009457962000169573,0.16216216216216214,0.13043478260869565,0.21428571428571427,0.8461538461538461,0.6909340659340659,0.09722222222222222,0.1597222222222222,1.6679536679536677
entropy,Entropia por Linha,categorical,wine,3,0.014288007999994079,0.42857142857142855,0.42857142857142855,0.42857142857142855,0.9384615384615385,0.9159340659340659,0.09722222222222222,0.09722222222222222,4.408163265306122
chi_square,Qui-Quadrado,categorical,wine,3,0.45232100399994124,0.12903225806451615,0.11764705882352941,0.14285714285714285,0.8846153846153846,0.43653846153846154,0.09722222222222222,0.11805555555555555,1.3271889400921661
binomial,Teste Binomial,categorical,wine,3,0.013775987999906647,0.18421052631578946,0.11290322580645161,0.5,0.5769230769230769,0.6909340659340659,0.09722222222222222,0.4305555555555556,1.894736842105263
cooccurrence,Co-ocorrência de Pares,categorical,wine,3,0.08049548400003914,0.42857142857142855,0.42857142857142855,0.42857142857142855,0.9384615384615385,0.9153846153846155,0.09722222222222222,0.09722222222222222,4.408163265306122
lof_categorical,LOF Categórico,categorical,wine,3,0.016280322000056913,0.5714285714285714,0.5714285714285714,0.5714285714285714,0.9538461538461539,0.9489010989010989,0.09722222222222222,0.09722222222222222,5.877551020408163
aleatorio,Aleatório (linha de base),—,wine,3,0.0,0.09722222222222222,0.09722222222222222,0.09722222222222222,0.9027777777777778,0.5,0.09722222222222222,0.09722222222222222,1.0
zscore,Z-Score,numeric,digits,3,0.009120434000124078,0.007207207207207207,0.005305039787798408,0.011235955056179775,0.7683755404570722,0.286955812646175,0.09905397885364496,0.20979410127991097,0.0727604008502885
iqr,IQR (Tukey),numeric,digits,3,0.021525223000026017,0.08130081300813008,0.04843918191603875,0.25280898876404495,0.45398394070413833,0.3023592729594492,0.09905397885364496,0.5169727323316639,0.8207728144697177
mad,Modified Z-Score (MAD),numeric,digits,3,0.028824065999970117,0.18786692759295498,0.10627306273062731,0.8089887640449438,0.2520074119827054,0.4830974870047401,0.09905397885364496,0.7540345019476906,1.8966116229468546
mahalanobis,Distância de Mahalanobis,numeric,digits,3,0.019378423000034672,0.004914004914004914,0.004366812227074236,0.0056179775280898875,0.8591723285978999,0.23462950496561202,0.09905397885364496,0.12743461324429606,0.04960936421610579
knn,KNN Distance,numeric,digits,3,0.05748109099999965,0.0056179775280898875,0.0056179775280898875,0.0056179775280898875,0.8906732550957381,0.14396804796968582,0.09905397885364496,0.09905397885364496,0.056716323696502965
lof,LOF,numeric,digits,3,0.034168833999956405,0.056179775280898875,0.056179775280898875,0.056179775280898875,0.8962322421247684,0.49348675489794647,0.09905397885364496,0.09905397885364496,0.5671632369650297
isolation_forest,Isolation Forest,numeric,digits,3,0.28695157499987545,0.016853932584269662,0.016853932584269662,0.016853932584269662,0.8919085855466338,0.37338556884191243,0.09905397885364496,0.09905397885364496,0.1701489710895089
percentile_fence,Percentile Fence,numeric,digits,3,0.013859460000048784,0.0,0.0,0.0,0.9888820259419395,0.2597369023741941,0.09905397885364496,0.01001669449081803,0.0
frequency,Frequência Relativa,categorical,digits,3,0.054575851000208786,0.03684210526315789,0.034653465346534656,0.03932584269662921,0.8795552810376775,0.28832647424197205,0.09905397885364496,0.112409571508069,0.37193968066232996
entropy,Entropia por Linha,categorical,digits,3,0.08887880800011771,0.0056179775280898875,0.0056179775280898875,0.0056179775280898875,0.8906732550957381,0.5833327549951073,0.09905397885364496,0.09905397885364496,0.056716323696502965
chi_square,Qui-Quadrado,categorical,digits,3,1.8796243540000432,0.08938547486033518,0.08888888888888889,0.0898876404494382,0.8987029030265596,0.41713222893865687,0.09905397885364496,0.1001669449081803,0.902391563618103
binomial,Teste Binomial,categorical,digits,3,0.1053565389997857,0.18025316455696203,0.09905397885364496,1.0,0.0,0.28832647424197205,0.09905397885364496,1.0,1.819746835443038
cooccurrence,Co-ocorrência de Pares,categorical,digits,3,0.3990966600003958,0.033707865168539325,0.033707865168539325,0.033707865168539325,0.8937615812229771,0.5413384597233692,0.09905397885364496,0.09905397885364496,0.3402979421790178
lof_categorical,LOF Categórico,categorical,digits,3,0.19752280500006236,0.011235955056179775,0.011235955056179775,0.011235955056179775,0.891290920321186,0.2800868895350854,0.09905397885364496,0.09905397885364496,0.11343264739300593
aleatorio,Aleatório (linha de base),—,digits,3,0.0,0.09905397885364496,0.09905397885364496,0.09905397885364496,0.900946021146355,0.5,0.09905397885364496,0.09905397885364496,1.0
zscore,Z-Score,numeric,synthetic_5,3,0.0019002449998879456,0.6024096385542169,0.7575757575757576,0.5,0.991578947368421,0.7187947368421052,0.05,0.033,12.048192771084338
iqr,IQR (Tukey),numeric,synthetic_5,3,0.002933815000233153,0.5025125628140703,0.5050505050505051,0.5,0.9742105263157895,0.720521052631579,0.05,0.0495,10.050251256281406
mad,Modified Z-Score (MAD),numeric,synthetic_5,3,0.002045072999862896,0.6578947368421052,0.9615384615384616,0.5,0.9989473684210526,0.7206105263157894,0.05,0.026,13.157894736842103
mahalanobis,Distância de Mahalanobis,numeric,synthetic_5,3,0.003113650000159396,0.7544910179640718,0.9402985074626866,0.63,0.9978947368421053,0.8568473684210526,0.05,0.0335,15.089820359281436
knn,KNN Distance,numeric,synthetic_5,3,0.04039811300026486,0.67,0.67,0.67,0.9826315789473684,0.8911,0.05,0.05,13.4
lof,LOF,numeric,synthetic_5,3,0.029353569999784668,0.78,0.78,0.78,0.988421052631579,0.9319684210526317,0.05,0.05,15.6
isolation_forest,Isolation Forest,numeric,synthetic_5,3,0.25982678999980635,0.54,0.54,0.54,0.9757894736842105,0.8004947368421053,0.05,0.05,10.8
percentile_fence,Percentile Fence,numeric,synthetic_5,3,0.002906954000081896,0.6666666666666666,1.0,0.5,1.0,0.7193526315789474,0.05,0.025,13.333333333333332
frequency,Frequência Relativa,categorical,synthetic_5,3,0.008086609999736538,0.4807692307692307,0.46296296296296297,0.5,0.9694736842105263,0.7284578947368422,0.05,0.054,9.615384615384613
entropy,Entropia por Linha,categorical,synthetic_5,3,0.012114863000078913,0.5,0.5,0.5,0.9736842105263158,0.7330394736842106,0.05,0.05,10.0
chi_square,Qui-Quadrado,categorical,synthetic_5,3,0.10002479900003891,0.1888412017167382,0.16541353383458646,0.22,0.9415789473684211,0.6547447368421053,0.05,0.0665,3.776824034334764
binomial,Teste Binomial,categorical,synthetic_5,3,0.011448436999671685,0.33974358974358976,0.25,0.53,0.9163157894736842,0.7352973684210526,0.05,0.106,6.794871794871795
cooccurrence,Co-ocorrência de Pares,categorical,synthetic_5,3,0.02456381000001784,0.5615763546798028,0.5533980582524272,0.57,0.9757894736842105,0.8039868421052632,0.05,0.0515,11.231527093596055
lof_categorical,LOF Categórico,categorical,synthetic_5,3,0.04013878499972634,0.03,0.03,0.03,0.9489473684210527,0.7012947368421052,0.05,0.05,0.6
aleatorio,Aleatório (linha de base),—,synthetic_5,3,0.0,0.05,0.05,0.05,0.95,0.5,0.05,0.05,1.0
zscore,Z-Score,numeric,synthetic_2,3,0.0012600919999385951,0.5479452054794521,0.6060606060606061,0.5,0.9933673469387755,0.7128316326530612,0.02,0.0165,27.397260273972606
iqr,IQR (Tukey),numeric,synthetic_2,3,0.0018031280001196137,0.5,0.5,0.5,0.9897959183673469,0.7176913265306122,0.02,0.02,25.0
mad,Modified Z-Score (MAD),numeric,synthetic_2,3,0.0015887939998719958,0.625,0.8333333333333334,0.5,0.9979591836734694,0.7160586734693878,0.02,0.012,31.25
mahalanobis,Distância de Mahalanobis,numeric,synthetic_2,3,0.0018909010000243143,0.7142857142857143,0.8333333333333334,0.625,0.9974489795918368,0.8925127551020409,0.02,0.015,35.714285714285715
knn,KNN Distance,numeric,synthetic_2,3,0.03850078499999654,0.625,0.625,0.625,0.9923469387755102,0.9232908163265305,0.02,0.02,31.25
lof,LOF,numeric,synthetic_2,3,0.027436334999947576,0.65,0.65,0.65,0.9928571428571429,0.9728571428571429,0.02,0.02,32.5
isolation_forest,Isolation Forest,numeric,synthetic_2,3,0.2779561669999566,0.47500000000000003,0.475,0.475,0.9892857142857143,0.8022959183673469,0.02,0.02,23.75
percentile_fence,Percentile Fence,numeric,synthetic_2,3,0.002631673999985651,0.6557377049180327,0.9523809523809523,0.5,0.9994897959183674,0.7155038265306122,0.02,0.0105,32.78688524590164
frequency,Frequência Relativa,categorical,synthetic_2,3,0.006896144999700482,0.4819277108433735,0.46511627906976744,0.5,0.988265306122449,0.7110969387755103,0.02,0.0215,24.096385542168672
entropy,Entropia por Linha,categorical,synthetic_2,3,0.00958367899966106,0.45,0.45,0.45,0.9887755102040816,0.7206632653061225,0.02,0.02,22.5
chi_square,Qui-Quadrado,categorical,synthetic_2,3,0.09513091999997414,0.030769230769230767,0.04,0.025,0.9877551020408163,0.5840752551020408,0.02,0.0125,1.5384615384615383
binomial,Teste Binomial,categorical,synthetic_2,3,0.00944715100013127,0.34188034188034183,0.2597402597402597,0.5,0.9709183673469388,0.723533163265306,0.02,0.0385,17.09401709401709
cooccurrence,Co-ocorrência de Pares,categorical,synthetic_2,3,0.02213971599985598,0.47500000000000003,0.475,0.475,0.9892857142857143,0.7906887755102041,0.02,0.02,23.75
lof_categorical,LOF Categórico,categorical,synthetic_2,3,0.03869500200016773,0.05000000000000001,0.05,0.05,0.9806122448979592,0.8302551020408163,0.02,0.02,2.5000000000000004
aleatorio,Aleatório (linha de base),—,synthetic_2,3,0.0,0.02,0.02,0.02,0.98,0.5,0.02,0.02,1.0
zscore,Z-Score,numeric,breast_cancer,4,0.0018664200001694553,0.5436893203883495,0.4444444444444444,0.7,0.9019607843137255,0.8904761904761904,0.10075566750629723,0.15869017632241814,5.396116504854368
iqr,IQR (Tukey),numeric,breast_cancer,4,0.003097444999639265,0.524822695035461,0.36633663366336633,0.925,0.8207282913165266,0.9420868347338935,0.10075566750629723,0.25440806045340053,5.2088652482269495
mad,Modified Z-Score (MAD),numeric,breast_cancer,4,0.002691554999728396,0.5511811023622047,0.40229885057471265,0.875,0.8543417366946778,0.9367647058823529,0.10075566750629723,0.21914357682619648,5.4704724409448815
mahalanobis,Distância de Mahalanobis,numeric,breast_cancer,4,0.005014061000110814,0.5535714285714286,0.4305555555555556,0.775,0.8851540616246498,0.9004201680672268,0.10075566750629723,0.181360201511335,5.494196428571429
knn,KNN Distance,numeric,breast_cancer,4,0.0039142870000432595,0.525,0.525,0.525,0.9467787114845938,0.9191176470588235,0.10075566750629723,0.10075566750629723,5.210625
lof,LOF,numeric,breast_cancer,4,0.0038734190002287505,0.20000000000000004,0.2,0.2,0.9103641456582633,0.6673669467787114,0.10075566750629723,0.10075566750629723,1.9850000000000003
isolation_forest,Isolation Forest,numeric,breast_cancer,4,0.21102120800014745,0.675,0.675,0.675,0.9635854341736695,0.9455182072829131,0.10075566750629723,0.10075566750629723,6.699375
percentile_fence,Percentile Fence,numeric,breast_cancer,4,0.004327296000155911,0.20588235294117646,0.25,0.175,0.9411764705882353,0.8085434173669468,0.10075566750629723,0.07052896725440806,2.043382352941176
frequency,Frequência Relativa,categorical,breast_cancer,4,0.021345867000036378,0.4523809523809524,0.4318181818181818,0.475,0.9299719887955182,0.9036764705882353,0.10075566750629723,0.11083123425692695,4.489880952380952
entropy,Entropia por Linha,categorical,breast_cancer,4,0.03354624099983994,0.7250000000000001,0.725,0.725,0.969187675070028,0.9608543417366947,0.10075566750629723,0.10075566750629723,7.195625000000001
chi_square,Qui-Quadrado,categorical,breast_cancer,4,1.7507881009996709,0.041666666666666664,0.03571428571428571,0.05,0.8487394957983193,0.3676820728291317,0.10075566750629723,0.14105793450881612,0.41354166666666664
binomial,Teste Binomial,categorical,breast_cancer,4,0.03262189799988846,0.3125,0.18518518518518517,1.0,0.5070028011204482,0.902766106442577,0.10075566750629723,0.5440806045340051,3.1015625
cooccurrence,Co-ocorrência de Pares,categorical,breast_cancer,4,0.31979073000002245,0.7250000000000001,0.725,0.725,0.969187675070028,0.9615546218487395,0.10075566750629723,0.10075566750629723,7.195625000000001
lof_categorical,LOF Categórico,categorical,breast_cancer,4,0.04150496100010059,0.3,0.3,0.3,0.9215686274509803,0.8640756302521009,0.10075566750629723,0.10075566750629723,2.9774999999999996
aleatorio,Aleatório (linha de base),—,breast_cancer,4,0.0,0.10075566750629723,0.10075566750629723,0.10075566750629723,0.8992443324937027,0.5,0.10075566750629723,0.10075566750629723,1.0
zscore,Z-Score,numeric,wine,4,0.000744582999686827,0.20689655172413796,0.2,0.21428571428571427,0.9076923076923077,0.8425824175824176,0.09722222222222222,0.10416666666666667,2.12807881773399
iqr,IQR (Tukey),numeric,wine,4,0.0011536239999259124,0.37499999999999994,0.2647058823529412,0.6428571428571429,0.8076923076923077,0.8351648351648351,0.09722222222222222,0.2361111111111111,3.8571428571428563
mad,Modified Z-Score (MAD),numeric,wine,4,0.0008792449998509255,0.43902439024390244,0.3333333333333333,0.6428571428571429,0.8615384615384616,0.8760989010989011,0.09722222222222222,0.1875,4.515679442508711
mahalanobis,Distância de Mahalanobis,numeric,wine,4,0.0016230620003625518,0.27027027027027023,0.21739130434782608,0.35714285714285715,0.8615384615384616,0.7450549450549451,0.09722222222222222,0.1597222222222222,2.7799227799227793
knn,KNN Distance,numeric,wine,4,0.0018480120002095646,0.14285714285714285,0.14285714285714285,0.14285714285714285,0.9076923076923077,0.8236263736263736,0.09722222222222222,0.09722222222222222,1.4693877551020407
lof,LOF,numeric,wine,4,0.0020862549999947078,0.07142857142857142,0.07142857142857142,0.07142857142857142,0.9,0.7879120879120879,0.09722222222222222,0.09722222222222222,0.7346938775510203
isolation_forest,Isolation Forest,numeric,wine,4,0.19736866799985364,0.5,0.5,0.5,0.9461538461538461,0.9131868131868132,0.09722222222222222,0.09722222222222222,5.142857142857142
percentile_fence,Percentile Fence,numeric,wine,4,0.0017707689999042486,0.2162162162162162,0.17391304347826086,0.2857142857142857,0.8538461538461538,0.7266483516483516,0.09722222222222222,0.1597222222222222,2.223938223938224
frequency,Frequência Relativa,categorical,wine,4,0.009680055999979231,0.2631578947368421,0.20833333333333334,0.35714285714285715,0.8538461538461538,0.7593406593406594,0.09722222222222222,0.16666666666666666,2.706766917293233
entropy,Entropia por Linha,categorical,wine,4,0.014545826999892597,0.5714285714285714,0.5714285714285714,0.5714285714285714,0.9538461538461539,0.9373626373626374,0.09722222222222222,0.09722222222222222,5.877551020408163
chi_square,Qui-Quadrado,categorical,wine,4,0.4494075249999696,0.0,0.0,0.0,0.8846153846153846,0.27912087912087913,0.09722222222222222,0.10416666666666667,0.0
binomial,Teste Binomial,categorical,wine,4,0.014659124999980122,0.3023255813953489,0.18055555555555555,0.9285714285714286,0.5461538461538461,0.7593406593406594,0.09722222222222222,0.5,3.109634551495017
cooccurrence,Co-ocorrência de Pares,categorical,wine,4,0.08193887300012648,0.42857142857142855,0.42857142857142855,0.42857142857142855,0.9384615384615385,0.9225274725274725,0.09722222222222222,0.09722222222222222,4.408163265306122
lof_categorical,LOF Categórico,categorical,wine,4,0.016530469999906927,0.5,0.5,0.5,0.9461538461538461,0.9445054945054945,0.09722222222222222,0.09722222222222222,5.142857142857142
aleatorio,Aleatório (linha de base),—,wine,4,0.0,0.09722222222222222,0.09722222222222222,0.09722222222222222,0.9027777777777778,0.5,0.09722222222222222,0.09722222222222222,1.0
zscore,Z-Score,numeric,digits,4,0.008895665999716584,0.007207207207207207,0.005305039787798408,0.011235955056179775,0.7683755404570722,0.286955812646175,0.09905397885364496,0.20979410127991097,0.0727604008502885
iqr,IQR (Tukey),numeric,digits,4,0.02203948699980174,0.08130081300813008,0.04843918191603875,0.25280898876404495,0.45398394070413833,0.3023592729594492,0.09905397885364496,0.5169727323316639,0.8207728144697177
mad,Modified Z-Score (MAD),numeric,digits,4,0.030722332999630453,0.18786692759295498,0.10627306273062731,0.8089887640449438,0.2520074119827054,0.4830974870047401,0.09905397885364496,0.7540345019476906,1.8966116229468546
mahalanobis,Distância de Mahalanobis,numeric,digits,4,0.020642998999846895,0.004914004914004914,0.004366812227074236,0.0056179775280898875,0.8591723285978999,0.23462950496561202,0.09905397885364496,0.12743461324429606,0.04960936421610579
knn,KNN Distance,numeric,digits,4,0.05550721000008707,0.0056179775280898875,0.0056179775280898875,0.0056179775280898875,0.8906732550957381,0.14396804796968582,0.09905397885364496,0.09905397885364496,0.056716323696502965
lof,LOF,numeric,digits,4,0.03857139499996265,0.056179775280898875,0.056179775280898875,0.056179775280898875,0.8962322421247684,0.49348675489794647,0.09905397885364496,0.09905397885364496,0.5671632369650297
isolation_forest,Isolation Forest,numeric,digits,4,0.2974500730001637,0.033707865168539325,0.033707865168539325,0.033707865168539325,0.8937615812229771,0.45091990478239447,0.09905397885364496,0.09905397885364496,0.3402979421790178
percentile_fence,Percentile Fence,numeric,digits,4,0.014160401000026468,0.0,0.0,0.0,0.9888820259419395,0.2597369023741941,0.09905397885364496,0.01001669449081803,0.0
frequency,Frequência Relativa,categorical,digits,4,0.05590630400001828,0.03684210526315789,0.034653465346534656,0.03932584269662921,0.8795552810376775,0.28832647424197205,0.09905397885364496,0.112409571508069,0.37193968066232996
entropy,Entropia por Linha,categorical,digits,4,0.08821968800020841,0.0056179775280898875,0.0056179775280898875,0.0056179775280898875,0.8906732550957381,0.5833327549951073,0.09905397885364496,0.09905397885364496,0.056716323696502965
chi_square,Qui-Quadrado,categorical,digits,4,1.9074267730002248,0.08938547486033518,0.08888888888888889,0.0898876404494382,0.8987029030265596,0.41713222893865687,0.09905397885364496,0.1001669449081803,0.902391563618103
binomial,Teste Binomial,categorical,digits,4,0.1034808949998478,0.18025316455696203,0.09905397885364496,1.0,0.0,0.28832647424197205,0.09905397885364496,1.0,1.819746835443038
cooccurrence,Co-ocorrência de Pares,categorical,digits,4,0.3995347589998346,0.033707865168539325,0.033707865168539325,0.033707865168539325,0.8937615812229771,0.5413384597233692,0.09905397885364496,0.09905397885364496,0.3402979421790178
lof_categorical,LOF Categórico,categorical,digits,4,0.19589330300004804,0.011235955056179775,0.011235955056179775,0.011235955056179775,0.891290920321186,0.2758777439257136,0.09905397885364496,0.09905397885364496,0.11343264739300593
aleatorio,Aleatório (linha de base),—,digits,4,0.0,0.09905397885364496,0.09905397885364496,0.09905397885364496,0.900946021146355,0.5,0.09905397885364496,0.09905397885364496,1.0
zscore,Z-Score,numeric,synthetic_5,4,0.0029537589998653857,0.5988023952095809,0.746268656716418,0.5,0.9910526315789474,0.7678894736842106,0.05,0.0335,11.976047904191617
iqr,IQR (Tukey),numeric,synthetic_5,4,0.0031935189999785507,0.4854368932038835,0.4716981132075472,0.5,0.9705263157894737,0.767121052631579,0.05,0.053,9.70873786407767
mad,Modified Z-Score (MAD),numeric,synthetic_5,4,0.0021774099996036966,0.6535947712418301,0.9433962264150944,0.5,0.998421052631579,0.7675263157894737,0.05,0.0265,13.071895424836601
mahalanobis,Distância de Mahalanobis,numeric,synthetic_5,4,0.003286302000105934,0.7484662576687117,0.9682539682539683,0.61,0.9989473684210526,0.8967368421052632,0.05,0.0315,14.969325153374232
knn,KNN Distance,numeric,synthetic_5,4,0.04057106300024316,0.74,0.74,0.74,0.9863157894736843,0.9089263157894737,0.05,0.05,14.799999999999999
lof,LOF,numeric,synthetic_5,4,0.02967483699967488,0.81,0.81,0.81,0.99,0.944557894736842,0.05,0.05,16.2
isolation_forest,Isolation Forest,numeric,synthetic_5,4,0.264623840999775,0.52,0.52,0.52,0.9747368421052631,0.8312315789473683,0.05,0.05,10.4
percentile_fence,Percentile Fence,numeric,synthetic_5,4,0.0029522640002141998,0.6533333333333333,0.98,0.49,0.9994736842105263,0.767992105263158,0.05,0.025,13.066666666666666
frequency,Frequência Relativa,categorical,synthetic_5,4,0.008026343999972596,0.4854368932038835,0.4716981132075472,0.5,0.9705263157894737,0.7677394736842106,0.05,0.053,9.70873786407767
entropy,Entropia por Linha,categorical,synthetic_5,4,0.012382271999740624,0.4807692307692307,0.46296296296296297,0.5,0.9694736842105263,0.7684921052631579,0.05,0.054,9.615384615384613
chi_square,Qui-Quadrado,categorical,synthetic_5,4,0.09901859000001423,0.14,0.14,0.14,0.9547368421052631,0.6397052631578947,0.05,0.05,2.8000000000000003
binomial,Teste Binomial,categorical,synthetic_5,4,0.00983959999985018,0.4444444444444445,0.4,0.5,0.9605263157894737,0.7632526315789474,0.05,0.0625,8.88888888888889
cooccurrence,Co-ocorrência de Pares,categorical,synthetic_5,4,0.024631475000205683,0.56,0.56,0.56,0.9768421052631578,0.829107894736842,0.05,0.05,11.200000000000001
lof_categorical,LOF Categórico,categorical,synthetic_5,4,0.03988641199975973,0.030769230769230767,0.031578947368421054,0.03,0.9515789473684211,0.6260684210526316,0.05,0.0475,0.6153846153846153
aleatorio,Aleatório (linha de base),—,synthetic_5,4,0.0,0.05,0.05,0.05,0.95,0.5,0.05,0.05,1.0
zscore,Z-Score,numeric,synthetic_2,4,0.00132768700041197,0.5263157894736842,0.5555555555555556,0.5,0.9918367346938776,0.7902168367346939,0.02,0.018,26.31578947368421
iqr,IQR (Tukey),numeric,synthetic_2,4,0.0020465190000322764,0.4347826086956522,0.38461538461538464,0.5,0.9836734693877551,0.7904719387755101,0.02,0.026,21.73913043478261
mad,Modified Z-Score (MAD),numeric,synthetic_2,4,0.00143761400022413,0.6153846153846154,0.8,0.5,0.9974489795918368,0.7907015306122449,0.02,0.0125,30.76923076923077
mahalanobis,Distância de Mahalanobis,numeric,synthetic_2,4,0.002025739999680809,0.8108108108108107,0.8823529411764706,0.75,0.9979591836734694,0.9114413265306122,0.02,0.017,40.54054054054053
knn,KNN Distance,numeric,synthetic_2,4,0.03879719699989437,0.7250000000000001,0.725,0.725,0.9943877551020408,0.9139030612244897,0.02,0.02,36.25000000000001
lof,LOF,numeric,synthetic_2,4,0.027679269000145723,0.8000000000000002,0.8,0.8,0.9959183673469387,0.9419897959183673,0.02,0.02,40.00000000000001
isolation_forest,Isolation Forest,numeric,synthetic_2,4,0.2699338180000268,0.575,0.575,0.575,0.9913265306122448,0.8548214285714284,0.02,0.02,28.749999999999996
percentile_fence,Percentile Fence,numeric,synthetic_2,4,0.0026903059997493983,0.6229508196721311,0.9047619047619048,0.475,0.9989795918367347,0.7889923469387755,0.02,0.0105,31.147540983606554
frequency,Frequência Relativa,categorical,synthetic_2,4,0.007002839000051608,0.43010752688172044,0.37735849056603776,0.5,0.9831632653061224,0.7886989795918368,0.02,0.0265,21.50537634408602
entropy,Entropia por Linha,categorical,synthetic_2,4,0.009675228000105562,0.47500000000000003,0.475,0.475,0.9892857142857143,0.7837882653061224,0.02,0.02,23.75
chi_square,Qui-Quadrado,categorical,synthetic_2,4,0.09836250899979859,0.026315789473684213,0.027777777777777776,0.025,0.9821428571428571,0.5648405612244898,0.02,0.018,1.3157894736842106
binomial,Teste Binomial,categorical,synthetic_2,4,0.00895859100000962,0.33613445378151263,0.25316455696202533,0.5,0.9698979591836735,0.7886033163265307,0.02,0.0395,16.80672268907563
cooccurrence,Co-ocorrência de Pares,categorical,synthetic_2,4,0.022393108999949618,0.575,0.575,0.575,0.9913265306122448,0.8383035714285715,0.02,0.02,28.749999999999996
lof_categorical,LOF Categórico,categorical,synthetic_2,4,0.03904593200013551,0.0,0.0,0.0,0.9795918367346939,0.7197512755102041,0.02,0.02,0.0
aleatorio,Aleatório (linha de base),—,synthetic_2,4,0.0,0.02,0.02,0.02,0.98,0.5,0.02,0.02,1.0
