modelo,nome,tipo,f1,precisao,recall,especificidade,auc_roc,taxa_real,taxa_prevista,lift_f1,tempo_s
mad,Modified Z-Score (MAD),numeric,0.4817679952792173,0.5264030982072213,0.640083467094703,0.7938799393663736,0.7514271142646975,0.07340637371643288,0.2364013476327511,11.217208083414038,0.007441201919964442
mahalanobis,Distância de Mahalanobis,numeric,0.474818531961141,0.49877919993834724,0.4924950240770466,0.9218222072129384,0.7380817355504272,0.07340637371643288,0.10208011604376546,12.465887220784237,0.006326528520021383
cooccurrence,Co-ocorrência de Pares,categorical,0.45663528924180585,0.45582035250666203,0.4574844301765649,0.9534358152312346,0.8073971356743925,0.07340637371643288,0.07350637371643289,10.057069589551471,0.17111562815999606
isolation_forest,Isolation Forest,numeric,0.4419245585874799,0.4419245585874799,0.4419245585874799,0.9526554650577912,0.7760393031800576,0.07340637371643288,0.07340637371643288,9.640062813265692,0.2496846045199709
entropy,Entropia por Linha,categorical,0.4360243106222338,0.4350155227935849,0.43709502407704653,0.9528696348912389,0.7910635502797054,0.07340637371643288,0.07362637371643288,9.254913689520595,0.032198820639978296
knn,KNN Distance,numeric,0.41598073836276084,0.41598073836276084,0.41598073836276084,0.9452509793318493,0.7422795915057302,0.07340637371643288,0.07340637371643288,10.904884591269912,0.029024432120022543
iqr,IQR (Tukey),numeric,0.38303960044974233,0.31800208986851186,0.5572760834670947,0.8063594877145842,0.711390553457671,0.07340637371643288,0.2174139811150873,8.575520376469726,0.006266556359996685
zscore,Z-Score,numeric,0.37478676664124977,0.3930500006064561,0.3776757624398074,0.9114300983466258,0.6983919755021974,0.07340637371643288,0.10471747684708213,9.245028781647157,0.0030083450399888533
lof,LOF,numeric,0.3711788121990369,0.3711788121990369,0.3711788121990369,0.9380679715281222,0.7878976948693719,0.07340637371643288,0.07340637371643288,11.202909178005251,0.022836721160001617
percentile_fence,Percentile Fence,numeric,0.3348036772924049,0.45889363545555445,0.2765142857142857,0.957311059535957,0.6452863023682925,0.07340637371643288,0.0534461544593167,9.686494433487137,0.005155918080026823
frequency,Frequência Relativa,categorical,0.3228855908902245,0.29599432966235445,0.359808025682183,0.920712359724894,0.6783572935944516,0.07340637371643288,0.09485278471863032,7.804257629976225,0.02022092436001003
binomial,Teste Binomial,categorical,0.2898697188977656,0.19983386375000153,0.7390000000000001,0.5909838351534946,0.6790953714045229,0.07340637371643288,0.4298595465994962,6.468984575755411,0.034137706039964535
lof_categorical,LOF Categórico,categorical,0.20170325901016112,0.2019582480656367,0.20147576243980742,0.941492052510401,0.7175772466448032,0.07340637371643288,0.07282637371643289,2.2578663422976994,0.06820427939999718
chi_square,Qui-Quadrado,categorical,0.07886813999385592,0.0750399885790525,0.08429181380417336,0.918585143531697,0.4663434711347123,0.07340637371643288,0.07925750317139257,1.8028750298181844,0.8701573957999699
aleatorio,Aleatório (linha de base),—,0.07340637371643288,0.07340637371643288,0.07340637371643288,0.9265936262835671,0.5,0.07340637371643288,0.07340637371643288,1.0,0.0
